INSERT INTO Religion (ReligionID, Religion) VALUES (1, 'Islam');
INSERT INTO Religion (ReligionID, Religion) VALUES (2, 'Kristen Protestan');
INSERT INTO Religion (ReligionID, Religion) VALUES (3, 'Katholik');
INSERT INTO Religion (ReligionID, Religion) VALUES (4, 'Buddha');
INSERT INTO Religion (ReligionID, Religion) VALUES (5, 'Hindu');
INSERT INTO Religion (ReligionID, Religion) VALUES (6, 'Kong Hu Cu');
INSERT INTO Religion (ReligionID, Religion) VALUES (7, 'Kepercayaan');

INSERT INTO Program (ProgramID, Program) VALUES (10, 'Regular');
INSERT INTO Program (ProgramID, Program) VALUES (11, 'Ekstensi');
INSERT INTO Program (ProgramID, Program) VALUES (20, 'S2');
INSERT INTO Program (ProgramID, Program) VALUES (21, 'Magister');
INSERT INTO Program (ProgramID, Program) VALUES (30, 'Doktor');

INSERT INTO Faculty (FacultyID, Faculty) VALUES (1, 'Kedokteran');
INSERT INTO Faculty (FacultyID, Faculty) VALUES (2, 'Kedokteran Gigi');
INSERT INTO Faculty (FacultyID, Faculty) VALUES (3, 'MIPA');
INSERT INTO Faculty (FacultyID, Faculty) VALUES (4, 'Teknik');
INSERT INTO Faculty (FacultyID, Faculty) VALUES (5, 'Hukum');
INSERT INTO Faculty (FacultyID, Faculty) VALUES (6, 'Ekonomi');
INSERT INTO Faculty (FacultyID, Faculty) VALUES (7, 'Ilmu Pengetahuan Budaya');
INSERT INTO Faculty (FacultyID, Faculty) VALUES (8, 'Psikologi');
INSERT INTO Faculty (FacultyID, Faculty) VALUES (9, 'Ilmu Sosial dan Ilmu Politik');
INSERT INTO Faculty (FacultyID, Faculty) VALUES (10, 'Kesehatan Masyarakat');
INSERT INTO Faculty (FacultyID, Faculty) VALUES (11, 'Keperawatan');
INSERT INTO Faculty (FacultyID, Faculty) VALUES (12, 'Ilmu Komputer');

INSERT INTO Department (FacultyID, DepartmentID, Department) VALUES (4, 401, 'Teknik Sipil');
INSERT INTO Department (FacultyID, DepartmentID, Department) VALUES (4, 402, 'Teknik Mesin');
INSERT INTO Department (FacultyID, DepartmentID, Department) VALUES (4, 403, 'Teknik Elektro');
INSERT INTO Department (FacultyID, DepartmentID, Department) VALUES (4, 404, 'Teknik Metalurgi dan Material');
INSERT INTO Department (FacultyID, DepartmentID, Department) VALUES (4, 405, 'Arsitek');
INSERT INTO Department (FacultyID, DepartmentID, Department) VALUES (4, 406, 'Teknik Gas dan Petrokimia');
INSERT INTO Department (FacultyID, DepartmentID, Department) VALUES (4, 407, 'Teknik Industri');
INSERT INTO Department (FacultyID, DepartmentID, Department) VALUES (4, 408, 'Teknik Perkapalan');

INSERT INTO Department (FacultyID, DepartmentID, Department) VALUES (1, 101, 'Kedokteran Umum');	
INSERT INTO Department (FacultyID, DepartmentID, Department) VALUES (1, 102, 'Ilmu Biologi');
INSERT INTO Department (FacultyID, DepartmentID, Department) VALUES (1, 103, 'Fisika Medis');
INSERT INTO Department (FacultyID, DepartmentID, Department) VALUES (1, 104, 'Kimia Kedokteran');
INSERT INTO Department (FacultyID, DepartmentID, Department) VALUES (1, 105, 'Anatomik');
INSERT INTO Department (FacultyID, DepartmentID, Department) VALUES (1, 106, 'Histologi');
INSERT INTO Department (FacultyID, DepartmentID, Department) VALUES (1, 107, 'Ilmu Faal');
INSERT INTO Department (FacultyID, DepartmentID, Department) VALUES (1, 108, 'Biokimia');
INSERT INTO Department (FacultyID, DepartmentID, Department) VALUES (1, 109, 'Patologi');
INSERT INTO Department (FacultyID, DepartmentID, Department) VALUES (1, 110, 'Patologi Klinik');
INSERT INTO Department (FacultyID, DepartmentID, Department) VALUES (1, 111, 'Mikrobiologi Kedokteran');
INSERT INTO Department (FacultyID, DepartmentID, Department) VALUES (1, 112, 'Parasitologi');
INSERT INTO Department (FacultyID, DepartmentID, Department) VALUES (1, 113, 'Farmacologi');
INSERT INTO Department (FacultyID, DepartmentID, Department) VALUES (1, 114, 'Kedokteran Komunitas');
INSERT INTO Department (FacultyID, DepartmentID, Department) VALUES (1, 115, 'Penyakit Dalam');
INSERT INTO Department (FacultyID, DepartmentID, Department) VALUES (1, 116, 'Bedah');
INSERT INTO Department (FacultyID, DepartmentID, Department) VALUES (1, 117, 'Obstetri dan Ginekologi');
INSERT INTO Department (FacultyID, DepartmentID, Department) VALUES (1, 118, 'Kesehatan Anak');
INSERT INTO Department (FacultyID, DepartmentID, Department) VALUES (1, 119, 'Penyakit Syaraf');
INSERT INTO Department (FacultyID, DepartmentID, Department) VALUES (1, 120, 'Kedokteran Jiwa');
INSERT INTO Department (FacultyID, DepartmentID, Department) VALUES (1, 121, 'Ilmu Penyakit THT');
INSERT INTO Department (FacultyID, DepartmentID, Department) VALUES (1, 123, 'Ilmu Penyakit Mata');
INSERT INTO Department (FacultyID, DepartmentID, Department) VALUES (1, 124, 'Kardiologi');
INSERT INTO Department (FacultyID, DepartmentID, Department) VALUES (1, 125, 'Radiologi');
INSERT INTO Department (FacultyID, DepartmentID, Department) VALUES (1, 126, 'Dermatologi');
INSERT INTO Department (FacultyID, DepartmentID, Department) VALUES (1, 127, 'Anestesiologi');
INSERT INTO Department (FacultyID, DepartmentID, Department) VALUES (1, 128, 'Pulmonologi');
INSERT INTO Department (FacultyID, DepartmentID, Department) VALUES (1, 129, 'Kedokteran Forensik');
INSERT INTO Department (FacultyID, DepartmentID, Department) VALUES (1, 130, 'Ilmu Penyakit Gigi dan Mulut');
INSERT INTO Department (FacultyID, DepartmentID, Department) VALUES (1, 131, 'Bedah Syaraf');

INSERT INTO Department (FacultyID, DepartmentID, Department) VALUES (2, 202, 'Bedah Mulut');
INSERT INTO Department (FacultyID, DepartmentID, Department) VALUES (2, 203, 'Kesehatan Gigi Anak');
INSERT INTO Department (FacultyID, DepartmentID, Department) VALUES (2, 204, 'Kesehatan Gigi Masyarakat dan Pencegahan');
INSERT INTO Department (FacultyID, DepartmentID, Department) VALUES (2, 205, 'Orthodonsia');
INSERT INTO Department (FacultyID, DepartmentID, Department) VALUES (2, 206, 'Konservasi Gigi');
INSERT INTO Department (FacultyID, DepartmentID, Department) VALUES (2, 207, 'Penyakit Mulut');
INSERT INTO Department (FacultyID, DepartmentID, Department) VALUES (2, 208, 'Periodonsia');

INSERT INTO Department (FacultyID, DepartmentID, Department) VALUES (3, 301, 'Matematika');
INSERT INTO Department (FacultyID, DepartmentID, Department) VALUES (3, 302, 'Fisika');
INSERT INTO Department (FacultyID, DepartmentID, Department) VALUES (3, 303, 'Kimia');
INSERT INTO Department (FacultyID, DepartmentID, Department) VALUES (3, 304, 'Biologi');
INSERT INTO Department (FacultyID, DepartmentID, Department) VALUES (3, 305, 'Farmasi');
INSERT INTO Department (FacultyID, DepartmentID, Department) VALUES (3, 306, 'Geografi');

INSERT INTO Department (FacultyID, DepartmentID, Department) VALUES (5, 501, 'Ilmu Hukum Dasar');
INSERT INTO Department (FacultyID, DepartmentID, Department) VALUES (5, 502, 'Hukum Keperdataan');
INSERT INTO Department (FacultyID, DepartmentID, Department) VALUES (5, 503, 'Hukum Pidana');
INSERT INTO Department (FacultyID, DepartmentID, Department) VALUES (5, 504, 'Hukum Tata Negara');
INSERT INTO Department (FacultyID, DepartmentID, Department) VALUES (5, 505, 'Hukum Administrasi Negara');
INSERT INTO Department (FacultyID, DepartmentID, Department) VALUES (5, 506, 'Hukum Internasional');
INSERT INTO Department (FacultyID, DepartmentID, Department) VALUES (5, 507, 'Hukum dan Masyarakat');
INSERT INTO Department (FacultyID, DepartmentID, Department) VALUES (5, 508, 'Ilmu Hukum Acara');

INSERT INTO Department (FacultyID, DepartmentID, Department) VALUES (6, 601, 'Ekonomi dan Studi Pembangunan');
INSERT INTO Department (FacultyID, DepartmentID, Department) VALUES (6, 602, 'Akuntansi ');
INSERT INTO Department (FacultyID, DepartmentID, Department) VALUES (6, 603, 'Manajemen');

INSERT INTO Department (FacultyID, DepartmentID, Department) VALUES (7, 701, 'Departemen Arkeologi');
INSERT INTO Department (FacultyID, DepartmentID, Department) VALUES (7, 702, 'Sejarah');
INSERT INTO Department (FacultyID, DepartmentID, Department) VALUES (7, 703, 'Studi Cina');
INSERT INTO Department (FacultyID, DepartmentID, Department) VALUES (7, 704, 'Studi Jepang');
INSERT INTO Department (FacultyID, DepartmentID, Department) VALUES (7, 705, 'Sastra Daerah/Jawa');
INSERT INTO Department (FacultyID, DepartmentID, Department) VALUES (7, 706, 'Filsafat');
INSERT INTO Department (FacultyID, DepartmentID, Department) VALUES (7, 707, 'Studi Jerman');
INSERT INTO Department (FacultyID, DepartmentID, Department) VALUES (7, 708, 'Studi Inggris');
INSERT INTO Department (FacultyID, DepartmentID, Department) VALUES (7, 709, 'Studi Perancis');
INSERT INTO Department (FacultyID, DepartmentID, Department) VALUES (7, 710, 'Studi Asia Timur');
INSERT INTO Department (FacultyID, DepartmentID, Department) VALUES (7, 711, 'Sastra Slavia');
INSERT INTO Department (FacultyID, DepartmentID, Department) VALUES (7, 712, 'Ilmu Perpustakaan');
INSERT INTO Department (FacultyID, DepartmentID, Department) VALUES (7, 713, 'Linguistik');
INSERT INTO Department (FacultyID, DepartmentID, Department) VALUES (7, 714, 'Kesusasteraan');

INSERT INTO Department (FacultyID, DepartmentID, Department) VALUES (8, 802, 'Departemen Psikologi Industri Organisasi');
INSERT INTO Department (FacultyID, DepartmentID, Department) VALUES (8, 803, 'Psikologi Klinis');
INSERT INTO Department (FacultyID, DepartmentID, Department) VALUES (8, 804, 'Psikologi Perkembangan');
INSERT INTO Department (FacultyID, DepartmentID, Department) VALUES (8, 805, 'Psikologi Pendidikan');
INSERT INTO Department (FacultyID, DepartmentID, Department) VALUES (8, 806, 'Psikologi Sosial');
INSERT INTO Department (FacultyID, DepartmentID, Department) VALUES (8, 807, 'Psikologi Umum dan Eksperimen');

INSERT INTO Department (FacultyID, DepartmentID, Department) VALUES (9, 902, 'Departemen Antropologi');
INSERT INTO Department (FacultyID, DepartmentID, Department) VALUES (9, 903, 'Ilmu Administrasi');
INSERT INTO Department (FacultyID, DepartmentID, Department) VALUES (9, 904, 'Hubungan Internasional');
INSERT INTO Department (FacultyID, DepartmentID, Department) VALUES (9, 905, 'Ilmu Komunikasi');
INSERT INTO Department (FacultyID, DepartmentID, Department) VALUES (9, 906, 'Kesejahteraan Sosial');
INSERT INTO Department (FacultyID, DepartmentID, Department) VALUES (9, 907, 'Kriminologi');
INSERT INTO Department (FacultyID, DepartmentID, Department) VALUES (9, 908, 'Ilmu Politik');
INSERT INTO Department (FacultyID, DepartmentID, Department) VALUES (9, 909, 'Sosiologi');

INSERT INTO Department (FacultyID, DepartmentID, Department) VALUES (10, 1002, 'Administrasi Kebijakan Kesehatan');
INSERT INTO Department (FacultyID, DepartmentID, Department) VALUES (10, 1003, 'Studi Kebijakan');
INSERT INTO Department (FacultyID, DepartmentID, Department) VALUES (10, 1004, 'Epidemiologi');
INSERT INTO Department (FacultyID, DepartmentID, Department) VALUES (10, 1005, 'Gizi dan Kesehatan Masyarakat');
INSERT INTO Department (FacultyID, DepartmentID, Department) VALUES (10, 1006, 'Ilmu Kependudukan dan Biostatistik');
INSERT INTO Department (FacultyID, DepartmentID, Department) VALUES (10, 1007, 'Kesehatan Lingkungan');
INSERT INTO Department (FacultyID, DepartmentID, Department) VALUES (10, 1008, 'Pendidikan Kesehatan dan Ilmu Perilaku');

INSERT INTO Department (FacultyID, DepartmentID, Department) VALUES (11, 1101, 'Dasar Keperawatan dan Keperawatan Dasar');
INSERT INTO Department (FacultyID, DepartmentID, Department) VALUES (11, 1102, 'Keperawatan Medikal Bedah');
INSERT INTO Department (FacultyID, DepartmentID, Department) VALUES (11, 1103, 'Keperawatan Anak');
INSERT INTO Department (FacultyID, DepartmentID, Department) VALUES (11, 1104, 'Keperawatan Maternitas');
INSERT INTO Department (FacultyID, DepartmentID, Department) VALUES (11, 1105, 'Keperawatan Jiwa');
INSERT INTO Department (FacultyID, DepartmentID, Department) VALUES (11, 1106, 'Keperawatan Komunitas');

INSERT INTO Department (FacultyID, DepartmentID, Department) VALUES (12, 1201, 'Ilmu Komputer');

INSERT INTO Community (CID, Community, DepartmentID, ProgramID, Brief) VALUES (1, 'Sipil (Regular)', 1, 10, 'S');
INSERT INTO Community (CID, Community, DepartmentID, ProgramID, Brief) VALUES (2, 'Mesin (Regular)', 2, 10, 'M');
INSERT INTO Community (CID, Community, DepartmentID, ProgramID, Brief) VALUES (3, 'Elektro (Regular)', 3, 10, 'E');
INSERT INTO Community (CID, Community, DepartmentID, ProgramID, Brief) VALUES (4, 'Metalurgi (Regular)', 4, 10, 'Mt');
INSERT INTO Community (CID, Community, DepartmentID, ProgramID, Brief) VALUES (5, 'Arsitek (Regular)', 5, 10, 'A');
INSERT INTO Community (CID, Community, DepartmentID, ProgramID, Brief) VALUES (6, 'Gas dan Petrokimia (Regular)', 6, 10, 'GP');
INSERT INTO Community (CID, Community, DepartmentID, ProgramID, Brief) VALUES (7, 'Industri (Regular)', 7, 10, 'TI');
INSERT INTO Community (CID, Community, DepartmentID, ProgramID) VALUES (8, 'Perkapalan (Regular)', 8, 10);
INSERT INTO Community (CID, Community, DepartmentID, ProgramID) VALUES (21, 'Sipil (Ekstensi)', 1, 11);
INSERT INTO Community (CID, Community, DepartmentID, ProgramID) VALUES (22, 'Mesin (Ekstensi)', 2, 11);
INSERT INTO Community (CID, Community, DepartmentID, ProgramID) VALUES (23, 'Elektro (Ekstensi)', 3, 11);
INSERT INTO Community (CID, Community, DepartmentID, ProgramID) VALUES (26, 'Gas dan Petrokimia (Ekstensi)', 6, 11);
INSERT INTO Community (CID, Community, DepartmentID, ProgramID) VALUES (41, 'Sipil (Magister)', 1, 21);
INSERT INTO Community (CID, Community, DepartmentID, ProgramID) VALUES (42, 'Mesin (Magister)', 2, 21);
INSERT INTO Community (CID, Community, DepartmentID, ProgramID) VALUES (44, 'Metalurgi (Magister)', 4, 21);
INSERT INTO Community (CID, Community, DepartmentID, ProgramID) VALUES (46, 'Gas dan Petrokimia (Magister)', 6, 21);
INSERT INTO Community (CID, Community, DepartmentID, ProgramID) VALUES (47, 'Industri (Magister)', 7, 21);
INSERT INTO Community (CID, Community, DepartmentID, ProgramID) VALUES (61, 'Elektronika (S2)', 3, 20);
INSERT INTO Community (CID, Community, DepartmentID, ProgramID) VALUES (62, 'Optoelektronika (S2)', 3, 20);
INSERT INTO Community (CID, Community, DepartmentID, ProgramID) VALUES (81, 'Sipil (Doktor)', 1, 30);
INSERT INTO Community (CID, Community, DepartmentID, ProgramID) VALUES (82, 'Mesin (Doktor)', 2, 30);
INSERT INTO Community (CID, Community, DepartmentID, ProgramID) VALUES (83, 'Elektro (Doktor)', 3, 30);

INSERT INTO Source (SourceID, Source) VALUES (11, 'Questionnaire');
INSERT INTO Source (SourceID, Source) VALUES (12, 'Buku Alumni Teknik');
INSERT INTO Source (SourceID, Source) VALUES (13, 'Data Angkatan');
INSERT INTO Source (SourceID, Source) VALUES (14, 'Lain-lain');

INSERT INTO Updater (UpdaterID, Updater) VALUES (1, 'Web User');
INSERT INTO Updater (UpdaterID, Updater) VALUES (2, 'Web Admin');
INSERT INTO Updater (UpdaterID, Updater) VALUES (11, 'Epsi');
INSERT INTO Updater (UpdaterID, Updater) VALUES (12, 'Ida');
INSERT INTO Updater (UpdaterID, Updater) VALUES (13, 'Pii');
INSERT INTO Updater (UpdaterID, Updater) VALUES (14, 'Nita');
INSERT INTO Updater (UpdaterID, Updater) VALUES (15, 'Aswil');
INSERT INTO Updater (UpdaterID, Updater) VALUES (21, 'Operator 1');
INSERT INTO Updater (UpdaterID, Updater) VALUES (22, 'Operator 2');
INSERT INTO Updater (UpdaterID, Updater) VALUES (23, 'Operator 3');
INSERT INTO Updater (UpdaterID, Updater) VALUES (24, 'Operator 4');
INSERT INTO Updater (UpdaterID, Updater) VALUES (25, 'Operator 5');
INSERT INTO Updater (UpdaterID, Updater) VALUES (26, 'Operator 6');
INSERT INTO Updater (UpdaterID, Updater) VALUES (27, 'Operator 7');

INSERT INTO Collector (CollectorID, Collector) VALUES (21, 'Nama 1');
INSERT INTO Collector (CollectorID, Collector) VALUES (22, 'Nama 2');
INSERT INTO Collector (CollectorID, Collector) VALUES (23, 'Nama 3');
INSERT INTO Collector (CollectorID, Collector) VALUES (24, 'Nama 4');
INSERT INTO Collector (CollectorID, Collector) VALUES (25, 'Nama 5');
INSERT INTO Collector (CollectorID, Collector) VALUES (26, 'Nama 6');
INSERT INTO Collector (CollectorID, Collector) VALUES (27, 'Nama 7');

INSERT INTO ContactType (CTID, ContactType) VALUES (3, 'HP');
INSERT INTO ContactType (CTID, ContactType) VALUES (4, 'Phone');
INSERT INTO ContactType (CTID, ContactType) VALUES (6, 'Fax');
INSERT INTO ContactType (CTID, ContactType) VALUES (8, 'e-mail');
INSERT INTO ContactType (CTID, ContactType) VALUES (9, 'Website');

INSERT INTO JobType (JobTypeID, JobType) VALUES (0, 'Tidak Diketahui');
INSERT INTO JobType (JobTypeID, JobType) VALUES (1, 'Tidak Bekerja');
INSERT INTO JobType (JobTypeID, JobType) VALUES (2, 'Pegawai Negeri Sipil, Lembaga Negara');
INSERT INTO JobType (JobTypeID, JobType) VALUES (3, 'Perusahaan swasta');
INSERT INTO JobType (JobTypeID, JobType) VALUES (4, 'Freelance / Tidak Tetap');
INSERT INTO JobType (JobTypeID, JobType) VALUES (5, 'TNI & POLRI');
INSERT INTO JobType (JobTypeID, JobType) VALUES (6, 'Wira usaha / usaha sendiri');
INSERT INTO JobType (JobTypeID, JobType) VALUES (7, 'Pensiun');
INSERT INTO JobType (JobTypeID, JobType) VALUES (8, 'BUMN');
INSERT INTO JobType (JobTypeID, JobType) VALUES (9, 'NGO/ LSM / Lembaga Sosial / Parpol');

INSERT INTO JobPosition (JobPositionID, JobPosition) VALUES (1, 'Lain-lain');
INSERT INTO JobPosition (JobPositionID, JobPosition) VALUES (2, 'Pemilik Perusahaan');
INSERT INTO JobPosition (JobPositionID, JobPosition) VALUES (3, 'Komisaris');
INSERT INTO JobPosition (JobPositionID, JobPosition) VALUES (4, 'Direksi');
INSERT INTO JobPosition (JobPositionID, JobPosition) VALUES (5, 'Eksekutif / Senior Management / GM');
INSERT INTO JobPosition (JobPositionID, JobPosition) VALUES (6, 'Manager Level  / Kepala Departemen');
INSERT INTO JobPosition (JobPositionID, JobPosition) VALUES (7, 'Team Leader / Chief Group');
INSERT INTO JobPosition (JobPositionID, JobPosition) VALUES (8, 'Engineer / Designer / Technical / Staff');
INSERT INTO JobPosition (JobPositionID, JobPosition) VALUES (9, 'Staf Ahli / Staf Khusus');

INSERT INTO Strata (StrataID, Strata) VALUES (7, 'D3');
INSERT INTO Strata (StrataID, Strata) VALUES (10, 'S1');
INSERT INTO Strata (StrataID, Strata) VALUES (20, 'S2');
INSERT INTO Strata (StrataID, Strata) VALUES (30, 'S3');
INSERT INTO Strata (StrataID, Strata) VALUES (40, 'Post');

INSERT INTO Competency (CompetencyID, Competency) VALUES (1, 'Lain-lain' );
INSERT INTO Competency (CompetencyID, Competency) VALUES (2, 'Management' );
INSERT INTO Competency (CompetencyID, Competency) VALUES (3, 'Tenaga Ahli' );
INSERT INTO Competency (CompetencyID, Competency) VALUES (4, 'Surveyor' );
INSERT INTO Competency (CompetencyID, Competency) VALUES (5, 'Marketing' );
INSERT INTO Competency (CompetencyID, Competency) VALUES (6, 'Engineer / Designer' );
INSERT INTO Competency (CompetencyID, Competency) VALUES (7, 'Pengajar / Trainer' );
INSERT INTO Competency (CompetencyID, Competency) VALUES (8, 'Auditor' );

INSERT INTO Field (FieldID, Field) VALUES (1, 'Lain lain' );
INSERT INTO Field (FieldID, Field) VALUES (2, 'Industri / Manufacturer' );
INSERT INTO Field (FieldID, Field) VALUES (3, 'Industri Kecil ' );
INSERT INTO Field (FieldID, Field) VALUES (4, 'Perdagangan ' );
INSERT INTO Field (FieldID, Field) VALUES (5, 'Konsultan ( Bidang Teknik )' );
INSERT INTO Field (FieldID, Field) VALUES (6, 'Konstruksi' );
INSERT INTO Field (FieldID, Field) VALUES (7, 'Konsultan ( Non Teknik )' );
INSERT INTO Field (FieldID, Field) VALUES (8, 'Migas' );
INSERT INTO Field (FieldID, Field) VALUES (9, 'Energi' );
INSERT INTO Field (FieldID, Field) VALUES (10, 'Pertambangan' );
INSERT INTO Field (FieldID, Field) VALUES (11, 'Agrobisnis' );
INSERT INTO Field (FieldID, Field) VALUES (12, 'Transportasi dan Kurir' );
INSERT INTO Field (FieldID, Field) VALUES (13, 'Jasa Sertifikasi' );
INSERT INTO Field (FieldID, Field) VALUES (14, 'Holding Group' );
INSERT INTO Field (FieldID, Field) VALUES (15, 'Perbankan & Finance' );
INSERT INTO Field (FieldID, Field) VALUES (16, 'IT dan Telekomunikasi' );
INSERT INTO Field (FieldID, Field) VALUES (17, 'Media Cetak & Elektronik ' );
INSERT INTO Field (FieldID, Field) VALUES (18, 'Pariwisata, Hotel dan Restoran' );
INSERT INTO Field (FieldID, Field) VALUES (19, 'Art & Entertainment' );
INSERT INTO Field (FieldID, Field) VALUES (20, 'Entertainment' );
INSERT INTO Field (FieldID, Field) VALUES (21, 'Periklanan' );
INSERT INTO Field (FieldID, Field) VALUES (22, 'UKM' );
INSERT INTO Field (FieldID, Field) VALUES (23, 'Pelayanan Kesehatan' );
INSERT INTO Field (FieldID, Field) VALUES (24, 'Pendidikan & Training' );
INSERT INTO Field (FieldID, Field) VALUES (25, 'Jasa Services Khusus' );



