INSERT INTO Propinsi (PropinsiID, Propinsi) VALUES (-1, 'Di Luar Negeri');
INSERT INTO Propinsi (PropinsiID, Propinsi) VALUES (0, 'Tidak diketahui');
INSERT INTO Propinsi (PropinsiID, Propinsi) VALUES (1, 'Nanggroe Aceh Darussalam');
INSERT INTO Propinsi (PropinsiID, Propinsi) VALUES (2, 'Sumatera Utara');
INSERT INTO Propinsi (PropinsiID, Propinsi) VALUES (3, 'Bengkulu');
INSERT INTO Propinsi (PropinsiID, Propinsi) VALUES (4, 'Jambi');
INSERT INTO Propinsi (PropinsiID, Propinsi) VALUES (5, 'Riau');
INSERT INTO Propinsi (PropinsiID, Propinsi) VALUES (6, 'Sumatera Barat');
INSERT INTO Propinsi (PropinsiID, Propinsi) VALUES (7, 'Sumatera Selatan');
INSERT INTO Propinsi (PropinsiID, Propinsi) VALUES (8, 'Lampung');
INSERT INTO Propinsi (PropinsiID, Propinsi) VALUES (9, 'Kepulauan Bangka Belitung');
INSERT INTO Propinsi (PropinsiID, Propinsi) VALUES (10, 'Riau Kepulauan');
INSERT INTO Propinsi (PropinsiID, Propinsi) VALUES (11, 'Banten');
INSERT INTO Propinsi (PropinsiID, Propinsi) VALUES (12, 'Jawa Barat');
INSERT INTO Propinsi (PropinsiID, Propinsi) VALUES (13, 'DKI Jakarta');
INSERT INTO Propinsi (PropinsiID, Propinsi) VALUES (14, 'Jawa Tengah');
INSERT INTO Propinsi (PropinsiID, Propinsi) VALUES (15, 'Jawa Timur');
INSERT INTO Propinsi (PropinsiID, Propinsi) VALUES (16, 'Daerah Istimewa Yogyakarta');
INSERT INTO Propinsi (PropinsiID, Propinsi) VALUES (17, 'Bali');
INSERT INTO Propinsi (PropinsiID, Propinsi) VALUES (18, 'Nusa Tenggara Barat');
INSERT INTO Propinsi (PropinsiID, Propinsi) VALUES (19, 'Nusa Tenggara Timur');
INSERT INTO Propinsi (PropinsiID, Propinsi) VALUES (20, 'Kalimantan Barat');
INSERT INTO Propinsi (PropinsiID, Propinsi) VALUES (21, 'Kalimantan Selatan');
INSERT INTO Propinsi (PropinsiID, Propinsi) VALUES (22, 'Kalimantan Tengah');
INSERT INTO Propinsi (PropinsiID, Propinsi) VALUES (23, 'Kalimantan Timur');
INSERT INTO Propinsi (PropinsiID, Propinsi) VALUES (24, 'Gorontalo');
INSERT INTO Propinsi (PropinsiID, Propinsi) VALUES (25, 'Sulawesi Selatan');
INSERT INTO Propinsi (PropinsiID, Propinsi) VALUES (26, 'Sulawesi Tenggara');
INSERT INTO Propinsi (PropinsiID, Propinsi) VALUES (27, 'Sulawesi Tengah');
INSERT INTO Propinsi (PropinsiID, Propinsi) VALUES (28, 'Sulawesi Utara');
INSERT INTO Propinsi (PropinsiID, Propinsi) VALUES (29, 'Maluku');
INSERT INTO Propinsi (PropinsiID, Propinsi) VALUES (30, 'Maluku Utara');
INSERT INTO Propinsi (PropinsiID, Propinsi) VALUES (31, 'Irian Jaya Barat');
INSERT INTO Propinsi (PropinsiID, Propinsi) VALUES (32, 'Papua (Irian Jaya)');

INSERT INTO Wilayah (WilayahID, PropinsiID, Wilayah) VALUES (-1, -1, 'Kosongkan');
INSERT INTO Wilayah (WilayahID, PropinsiID, Wilayah) VALUES (0, 0, 'Tidak diketahui');
INSERT INTO Wilayah (WilayahID, PropinsiID, Wilayah) VALUES (1, 1, 'Aceh Barat');
INSERT INTO Wilayah (WilayahID, PropinsiID, Wilayah) VALUES (2, 1, 'Aceh Barat Daya');
INSERT INTO Wilayah (WilayahID, PropinsiID, Wilayah) VALUES (3, 1, 'Aceh Besar');
INSERT INTO Wilayah (WilayahID, PropinsiID, Wilayah) VALUES (4, 1, 'Aceh Jaya');
INSERT INTO Wilayah (WilayahID, PropinsiID, Wilayah) VALUES (5, 1, 'Aceh Selatan');
INSERT INTO Wilayah (WilayahID, PropinsiID, Wilayah) VALUES (6, 1, 'Aceh Singkil');
INSERT INTO Wilayah (WilayahID, PropinsiID, Wilayah) VALUES (7, 1, 'Aceh Tamiang');
INSERT INTO Wilayah (WilayahID, PropinsiID, Wilayah) VALUES (8, 1, 'Aceh Tengah');
INSERT INTO Wilayah (WilayahID, PropinsiID, Wilayah) VALUES (9, 1, 'Aceh Tenggara');
INSERT INTO Wilayah (WilayahID, PropinsiID, Wilayah) VALUES (10, 1, 'Aceh Timur');
INSERT INTO Wilayah (WilayahID, PropinsiID, Wilayah) VALUES (11, 1, 'Aceh Utara');
INSERT INTO Wilayah (WilayahID, PropinsiID, Wilayah) VALUES (12, 1, 'Bener Meriah');
INSERT INTO Wilayah (WilayahID, PropinsiID, Wilayah) VALUES (13, 1, 'Bireuen');
INSERT INTO Wilayah (WilayahID, PropinsiID, Wilayah) VALUES (14, 1, 'Gayo Lues');
INSERT INTO Wilayah (WilayahID, PropinsiID, Wilayah) VALUES (15, 1, 'Nagan Raya');
INSERT INTO Wilayah (WilayahID, PropinsiID, Wilayah) VALUES (16, 1, 'Pidie');
INSERT INTO Wilayah (WilayahID, PropinsiID, Wilayah) VALUES (17, 1, 'Simeulue');
INSERT INTO Wilayah (WilayahID, PropinsiID, Wilayah) VALUES (18, 1, 'Kota Banda Aceh');
INSERT INTO Wilayah (WilayahID, PropinsiID, Wilayah) VALUES (19, 1, 'Kota Langsa');
INSERT INTO Wilayah (WilayahID, PropinsiID, Wilayah) VALUES (20, 1, 'Kota Lhokseumawe');
INSERT INTO Wilayah (WilayahID, PropinsiID, Wilayah) VALUES (21, 1, 'Kota Sabang');
INSERT INTO Wilayah (WilayahID, PropinsiID, Wilayah) VALUES (22, 2, 'Asahan');
INSERT INTO Wilayah (WilayahID, PropinsiID, Wilayah) VALUES (23, 2, 'Binjai');
INSERT INTO Wilayah (WilayahID, PropinsiID, Wilayah) VALUES (24, 2, 'Dairi');
INSERT INTO Wilayah (WilayahID, PropinsiID, Wilayah) VALUES (25, 2, 'Deli Serdang');
INSERT INTO Wilayah (WilayahID, PropinsiID, Wilayah) VALUES (26, 2, 'Humbang Hasundutan');
INSERT INTO Wilayah (WilayahID, PropinsiID, Wilayah) VALUES (27, 2, 'Karo');
INSERT INTO Wilayah (WilayahID, PropinsiID, Wilayah) VALUES (28, 2, 'Labuhan Batu');
INSERT INTO Wilayah (WilayahID, PropinsiID, Wilayah) VALUES (29, 2, 'Langkat');
INSERT INTO Wilayah (WilayahID, PropinsiID, Wilayah) VALUES (30, 2, 'Mandailing Natal');
INSERT INTO Wilayah (WilayahID, PropinsiID, Wilayah) VALUES (31, 2, 'Nias');
INSERT INTO Wilayah (WilayahID, PropinsiID, Wilayah) VALUES (32, 2, 'Nias Selatan');
INSERT INTO Wilayah (WilayahID, PropinsiID, Wilayah) VALUES (33, 2, 'Pakpak Bharat');
INSERT INTO Wilayah (WilayahID, PropinsiID, Wilayah) VALUES (34, 2, 'Samosir');
INSERT INTO Wilayah (WilayahID, PropinsiID, Wilayah) VALUES (35, 2, 'Serdang Bedagai');
INSERT INTO Wilayah (WilayahID, PropinsiID, Wilayah) VALUES (36, 2, 'Simalungun');
INSERT INTO Wilayah (WilayahID, PropinsiID, Wilayah) VALUES (37, 2, 'Tapanuli Selatan');
INSERT INTO Wilayah (WilayahID, PropinsiID, Wilayah) VALUES (38, 2, 'Tapanuli Tengah');
INSERT INTO Wilayah (WilayahID, PropinsiID, Wilayah) VALUES (39, 2, 'Tapanuli Utara');
INSERT INTO Wilayah (WilayahID, PropinsiID, Wilayah) VALUES (40, 2, 'Toba-Samosir');
INSERT INTO Wilayah (WilayahID, PropinsiID, Wilayah) VALUES (41, 2, 'Kota Binjai');
INSERT INTO Wilayah (WilayahID, PropinsiID, Wilayah) VALUES (42, 2, 'Kota Medan');
INSERT INTO Wilayah (WilayahID, PropinsiID, Wilayah) VALUES (43, 2, 'Kota Padang Sidempuan');
INSERT INTO Wilayah (WilayahID, PropinsiID, Wilayah) VALUES (44, 2, 'Kota Pematang Siantar');
INSERT INTO Wilayah (WilayahID, PropinsiID, Wilayah) VALUES (45, 2, 'Kota Sibolga');
INSERT INTO Wilayah (WilayahID, PropinsiID, Wilayah) VALUES (46, 2, 'Kota Tanjung Balai');
INSERT INTO Wilayah (WilayahID, PropinsiID, Wilayah) VALUES (47, 2, 'Kota Tebing Tinggi');
INSERT INTO Wilayah (WilayahID, PropinsiID, Wilayah) VALUES (48, 3, 'Kota Bengkulu');
INSERT INTO Wilayah (WilayahID, PropinsiID, Wilayah) VALUES (49, 3, 'Bengkulu Selatan');
INSERT INTO Wilayah (WilayahID, PropinsiID, Wilayah) VALUES (50, 3, 'Bengkulu Utara');
INSERT INTO Wilayah (WilayahID, PropinsiID, Wilayah) VALUES (51, 3, 'Kaur');
INSERT INTO Wilayah (WilayahID, PropinsiID, Wilayah) VALUES (52, 3, 'Kepahiang');
INSERT INTO Wilayah (WilayahID, PropinsiID, Wilayah) VALUES (53, 3, 'Lebong');
INSERT INTO Wilayah (WilayahID, PropinsiID, Wilayah) VALUES (54, 3, 'Muko-muko');
INSERT INTO Wilayah (WilayahID, PropinsiID, Wilayah) VALUES (55, 3, 'Rejang Lebong');
INSERT INTO Wilayah (WilayahID, PropinsiID, Wilayah) VALUES (56, 3, 'Seluma');
INSERT INTO Wilayah (WilayahID, PropinsiID, Wilayah) VALUES (57, 4, 'Kota Jambi');
INSERT INTO Wilayah (WilayahID, PropinsiID, Wilayah) VALUES (58, 4, 'Batanghari');
INSERT INTO Wilayah (WilayahID, PropinsiID, Wilayah) VALUES (59, 4, 'Bungo');
INSERT INTO Wilayah (WilayahID, PropinsiID, Wilayah) VALUES (60, 4, 'Kerinci');
INSERT INTO Wilayah (WilayahID, PropinsiID, Wilayah) VALUES (61, 4, 'Merangin');
INSERT INTO Wilayah (WilayahID, PropinsiID, Wilayah) VALUES (62, 4, 'Muaro Jambi');
INSERT INTO Wilayah (WilayahID, PropinsiID, Wilayah) VALUES (63, 4, 'Sarolangun');
INSERT INTO Wilayah (WilayahID, PropinsiID, Wilayah) VALUES (64, 4, 'Tanjung Jabung Barat');
INSERT INTO Wilayah (WilayahID, PropinsiID, Wilayah) VALUES (65, 4, 'Tanjung Jabung Timur');
INSERT INTO Wilayah (WilayahID, PropinsiID, Wilayah) VALUES (66, 5, 'Bengkalis');
INSERT INTO Wilayah (WilayahID, PropinsiID, Wilayah) VALUES (67, 5, 'Indragiri Hilir');
INSERT INTO Wilayah (WilayahID, PropinsiID, Wilayah) VALUES (68, 5, 'Indragiri Hulu');
INSERT INTO Wilayah (WilayahID, PropinsiID, Wilayah) VALUES (69, 5, 'Kampar');
INSERT INTO Wilayah (WilayahID, PropinsiID, Wilayah) VALUES (70, 5, 'Kuantan Singingi');
INSERT INTO Wilayah (WilayahID, PropinsiID, Wilayah) VALUES (71, 5, 'Pelalawan');
INSERT INTO Wilayah (WilayahID, PropinsiID, Wilayah) VALUES (72, 5, 'Rokan Hulu');
INSERT INTO Wilayah (WilayahID, PropinsiID, Wilayah) VALUES (73, 5, 'Rokan Hilir');
INSERT INTO Wilayah (WilayahID, PropinsiID, Wilayah) VALUES (74, 5, 'Siak');
INSERT INTO Wilayah (WilayahID, PropinsiID, Wilayah) VALUES (75, 5, 'Kota Dumai');
INSERT INTO Wilayah (WilayahID, PropinsiID, Wilayah) VALUES (76, 5, 'Kota Pekanbaru');
INSERT INTO Wilayah (WilayahID, PropinsiID, Wilayah) VALUES (77, 6, 'Agam');
INSERT INTO Wilayah (WilayahID, PropinsiID, Wilayah) VALUES (78, 6, 'Dharmasraya');
INSERT INTO Wilayah (WilayahID, PropinsiID, Wilayah) VALUES (79, 6, 'Limapuluh Koto');
INSERT INTO Wilayah (WilayahID, PropinsiID, Wilayah) VALUES (80, 6, 'Mentawai');
INSERT INTO Wilayah (WilayahID, PropinsiID, Wilayah) VALUES (81, 6, 'Padang Pariaman');
INSERT INTO Wilayah (WilayahID, PropinsiID, Wilayah) VALUES (82, 6, 'Pasaman');
INSERT INTO Wilayah (WilayahID, PropinsiID, Wilayah) VALUES (83, 6, 'Pasaman Barat');
INSERT INTO Wilayah (WilayahID, PropinsiID, Wilayah) VALUES (84, 6, 'Pesisir Selatan');
INSERT INTO Wilayah (WilayahID, PropinsiID, Wilayah) VALUES (85, 6, 'Sawahlunto Sijunjung');
INSERT INTO Wilayah (WilayahID, PropinsiID, Wilayah) VALUES (86, 6, 'Solok kabupaten');
INSERT INTO Wilayah (WilayahID, PropinsiID, Wilayah) VALUES (87, 6, 'Solok Selatan');
INSERT INTO Wilayah (WilayahID, PropinsiID, Wilayah) VALUES (88, 6, 'Tanah Datar');
INSERT INTO Wilayah (WilayahID, PropinsiID, Wilayah) VALUES (89, 6, 'Kota Bukittinggi');
INSERT INTO Wilayah (WilayahID, PropinsiID, Wilayah) VALUES (90, 6, 'Kota Padang');
INSERT INTO Wilayah (WilayahID, PropinsiID, Wilayah) VALUES (91, 6, 'Kota Padang Panjang');
INSERT INTO Wilayah (WilayahID, PropinsiID, Wilayah) VALUES (92, 6, 'Kota Pariaman');
INSERT INTO Wilayah (WilayahID, PropinsiID, Wilayah) VALUES (93, 6, 'Kota Payakumbuh');
INSERT INTO Wilayah (WilayahID, PropinsiID, Wilayah) VALUES (94, 6, 'Kota Sawahlunto');
INSERT INTO Wilayah (WilayahID, PropinsiID, Wilayah) VALUES (95, 6, 'Kota Solok');
INSERT INTO Wilayah (WilayahID, PropinsiID, Wilayah) VALUES (96, 7, 'Banyuasin');
INSERT INTO Wilayah (WilayahID, PropinsiID, Wilayah) VALUES (97, 7, 'Lahat');
INSERT INTO Wilayah (WilayahID, PropinsiID, Wilayah) VALUES (98, 7, 'Muara Enim');
INSERT INTO Wilayah (WilayahID, PropinsiID, Wilayah) VALUES (99, 7, 'Musi Banyuasin');
INSERT INTO Wilayah (WilayahID, PropinsiID, Wilayah) VALUES (100, 7, 'Musi Rawas');
INSERT INTO Wilayah (WilayahID, PropinsiID, Wilayah) VALUES (101, 7, 'Ogan Ilir');
INSERT INTO Wilayah (WilayahID, PropinsiID, Wilayah) VALUES (102, 7, 'Ogan Komering Ilir');
INSERT INTO Wilayah (WilayahID, PropinsiID, Wilayah) VALUES (103, 7, 'Ogan Komering Ulu Kabupaten');
INSERT INTO Wilayah (WilayahID, PropinsiID, Wilayah) VALUES (104, 7, 'Ogan Komering Ulu Selatan');
INSERT INTO Wilayah (WilayahID, PropinsiID, Wilayah) VALUES (105, 7, 'Ogan Komering Ulu Timur');
INSERT INTO Wilayah (WilayahID, PropinsiID, Wilayah) VALUES (106, 7, 'Lubuk Linggau, kota');
INSERT INTO Wilayah (WilayahID, PropinsiID, Wilayah) VALUES (107, 7, 'Kota Pagaralam');
INSERT INTO Wilayah (WilayahID, PropinsiID, Wilayah) VALUES (108, 7, 'Kota Palembang');
INSERT INTO Wilayah (WilayahID, PropinsiID, Wilayah) VALUES (109, 7, 'Kota Prabumulih');
INSERT INTO Wilayah (WilayahID, PropinsiID, Wilayah) VALUES (110, 8, 'Lampung Barat');
INSERT INTO Wilayah (WilayahID, PropinsiID, Wilayah) VALUES (111, 8, 'Lampung Selatan');
INSERT INTO Wilayah (WilayahID, PropinsiID, Wilayah) VALUES (112, 8, 'Lampung Tengah');
INSERT INTO Wilayah (WilayahID, PropinsiID, Wilayah) VALUES (113, 8, 'Lampung Timur');
INSERT INTO Wilayah (WilayahID, PropinsiID, Wilayah) VALUES (114, 8, 'Lampung Utara');
INSERT INTO Wilayah (WilayahID, PropinsiID, Wilayah) VALUES (115, 8, 'Tenggamus');
INSERT INTO Wilayah (WilayahID, PropinsiID, Wilayah) VALUES (116, 8, 'Tulang Bawang');
INSERT INTO Wilayah (WilayahID, PropinsiID, Wilayah) VALUES (117, 8, 'Way Kanan');
INSERT INTO Wilayah (WilayahID, PropinsiID, Wilayah) VALUES (118, 8, 'Kota Bandar Lampung');
INSERT INTO Wilayah (WilayahID, PropinsiID, Wilayah) VALUES (119, 8, 'Kota Metro');
INSERT INTO Wilayah (WilayahID, PropinsiID, Wilayah) VALUES (120, 9, 'Bangka');
INSERT INTO Wilayah (WilayahID, PropinsiID, Wilayah) VALUES (121, 9, 'Bangka Barat');
INSERT INTO Wilayah (WilayahID, PropinsiID, Wilayah) VALUES (122, 9, 'Bangka Selatan');
INSERT INTO Wilayah (WilayahID, PropinsiID, Wilayah) VALUES (123, 9, 'Bangka Tengah');
INSERT INTO Wilayah (WilayahID, PropinsiID, Wilayah) VALUES (124, 9, 'Belitung');
INSERT INTO Wilayah (WilayahID, PropinsiID, Wilayah) VALUES (125, 9, 'Belitung Timur');
INSERT INTO Wilayah (WilayahID, PropinsiID, Wilayah) VALUES (126, 9, 'Kota Pangkal Pinang');
INSERT INTO Wilayah (WilayahID, PropinsiID, Wilayah) VALUES (127, 10, 'Karimun');
INSERT INTO Wilayah (WilayahID, PropinsiID, Wilayah) VALUES (128, 10, 'Kepulauan Riau');
INSERT INTO Wilayah (WilayahID, PropinsiID, Wilayah) VALUES (129, 10, 'Lingga');
INSERT INTO Wilayah (WilayahID, PropinsiID, Wilayah) VALUES (130, 10, 'Natuna');
INSERT INTO Wilayah (WilayahID, PropinsiID, Wilayah) VALUES (131, 10, 'Kota Batam');
INSERT INTO Wilayah (WilayahID, PropinsiID, Wilayah) VALUES (132, 10, 'Kota Tanjung Pinang');
INSERT INTO Wilayah (WilayahID, PropinsiID, Wilayah) VALUES (133, 11, 'Lebak');
INSERT INTO Wilayah (WilayahID, PropinsiID, Wilayah) VALUES (134, 11, 'Pandeglang');
INSERT INTO Wilayah (WilayahID, PropinsiID, Wilayah) VALUES (135, 11, 'Serang');
INSERT INTO Wilayah (WilayahID, PropinsiID, Wilayah) VALUES (136, 11, 'Tangerang');
INSERT INTO Wilayah (WilayahID, PropinsiID, Wilayah) VALUES (137, 11, 'Kota Cilegon');
INSERT INTO Wilayah (WilayahID, PropinsiID, Wilayah) VALUES (138, 11, 'Merak');
INSERT INTO Wilayah (WilayahID, PropinsiID, Wilayah) VALUES (139, 11, 'Kota Tangerang');
INSERT INTO Wilayah (WilayahID, PropinsiID, Wilayah) VALUES (140, 12, 'Bandung');
INSERT INTO Wilayah (WilayahID, PropinsiID, Wilayah) VALUES (141, 12, 'Bekasi');
INSERT INTO Wilayah (WilayahID, PropinsiID, Wilayah) VALUES (142, 12, 'Bogor');
INSERT INTO Wilayah (WilayahID, PropinsiID, Wilayah) VALUES (143, 12, 'Ciamis');
INSERT INTO Wilayah (WilayahID, PropinsiID, Wilayah) VALUES (144, 12, 'Cianjur');
INSERT INTO Wilayah (WilayahID, PropinsiID, Wilayah) VALUES (145, 12, 'Cirebon');
INSERT INTO Wilayah (WilayahID, PropinsiID, Wilayah) VALUES (146, 12, 'Depok');
INSERT INTO Wilayah (WilayahID, PropinsiID, Wilayah) VALUES (147, 12, 'Garut');
INSERT INTO Wilayah (WilayahID, PropinsiID, Wilayah) VALUES (148, 12, 'Indramayu');
INSERT INTO Wilayah (WilayahID, PropinsiID, Wilayah) VALUES (149, 12, 'Karawang');
INSERT INTO Wilayah (WilayahID, PropinsiID, Wilayah) VALUES (150, 12, 'Kuningan');
INSERT INTO Wilayah (WilayahID, PropinsiID, Wilayah) VALUES (151, 12, 'Majalengka');
INSERT INTO Wilayah (WilayahID, PropinsiID, Wilayah) VALUES (152, 12, 'Purwakarta');
INSERT INTO Wilayah (WilayahID, PropinsiID, Wilayah) VALUES (153, 12, 'Subang');
INSERT INTO Wilayah (WilayahID, PropinsiID, Wilayah) VALUES (154, 12, 'Sukabumi');
INSERT INTO Wilayah (WilayahID, PropinsiID, Wilayah) VALUES (155, 12, 'Sumedang');
INSERT INTO Wilayah (WilayahID, PropinsiID, Wilayah) VALUES (156, 12, 'Tasikmalaya');
INSERT INTO Wilayah (WilayahID, PropinsiID, Wilayah) VALUES (157, 12, 'Kota Bandung');
INSERT INTO Wilayah (WilayahID, PropinsiID, Wilayah) VALUES (158, 12, 'Kota Banjar');
INSERT INTO Wilayah (WilayahID, PropinsiID, Wilayah) VALUES (159, 12, 'Kota Bekasi');
INSERT INTO Wilayah (WilayahID, PropinsiID, Wilayah) VALUES (160, 12, 'Kota Bogor');
INSERT INTO Wilayah (WilayahID, PropinsiID, Wilayah) VALUES (161, 12, 'Kota Cimahi');
INSERT INTO Wilayah (WilayahID, PropinsiID, Wilayah) VALUES (162, 12, 'Kota Cirebon');
INSERT INTO Wilayah (WilayahID, PropinsiID, Wilayah) VALUES (163, 12, 'Kota Depok');
INSERT INTO Wilayah (WilayahID, PropinsiID, Wilayah) VALUES (164, 12, 'Kota Sukabumi');
INSERT INTO Wilayah (WilayahID, PropinsiID, Wilayah) VALUES (165, 12, 'Kota Tasikmalaya');
INSERT INTO Wilayah (WilayahID, PropinsiID, Wilayah) VALUES (166, 13, 'Jakarta Barat');
INSERT INTO Wilayah (WilayahID, PropinsiID, Wilayah) VALUES (167, 13, 'Jakarta Pusat');
INSERT INTO Wilayah (WilayahID, PropinsiID, Wilayah) VALUES (168, 13, 'Jakarta Selatan');
INSERT INTO Wilayah (WilayahID, PropinsiID, Wilayah) VALUES (169, 13, 'Jakarta Timur');
INSERT INTO Wilayah (WilayahID, PropinsiID, Wilayah) VALUES (170, 13, 'Jakarta Utara');
INSERT INTO Wilayah (WilayahID, PropinsiID, Wilayah) VALUES (171, 13, 'Kepulauan Seribu');
INSERT INTO Wilayah (WilayahID, PropinsiID, Wilayah) VALUES (172, 14, 'Banjarnegara');
INSERT INTO Wilayah (WilayahID, PropinsiID, Wilayah) VALUES (173, 14, 'Banyumas');
INSERT INTO Wilayah (WilayahID, PropinsiID, Wilayah) VALUES (174, 14, 'Batang');
INSERT INTO Wilayah (WilayahID, PropinsiID, Wilayah) VALUES (175, 14, 'Blora');
INSERT INTO Wilayah (WilayahID, PropinsiID, Wilayah) VALUES (176, 14, 'Boyolali');
INSERT INTO Wilayah (WilayahID, PropinsiID, Wilayah) VALUES (177, 14, 'Brebes');
INSERT INTO Wilayah (WilayahID, PropinsiID, Wilayah) VALUES (178, 14, 'Cilacap');
INSERT INTO Wilayah (WilayahID, PropinsiID, Wilayah) VALUES (179, 14, 'Demak');
INSERT INTO Wilayah (WilayahID, PropinsiID, Wilayah) VALUES (180, 14, 'Grobogan');
INSERT INTO Wilayah (WilayahID, PropinsiID, Wilayah) VALUES (181, 14, 'Jepara');
INSERT INTO Wilayah (WilayahID, PropinsiID, Wilayah) VALUES (182, 14, 'Karanganyar');
INSERT INTO Wilayah (WilayahID, PropinsiID, Wilayah) VALUES (183, 14, 'Kebumen');
INSERT INTO Wilayah (WilayahID, PropinsiID, Wilayah) VALUES (184, 14, 'Kendal');
INSERT INTO Wilayah (WilayahID, PropinsiID, Wilayah) VALUES (185, 14, 'Klaten');
INSERT INTO Wilayah (WilayahID, PropinsiID, Wilayah) VALUES (186, 14, 'Kudus');
INSERT INTO Wilayah (WilayahID, PropinsiID, Wilayah) VALUES (187, 14, 'Magelang');
INSERT INTO Wilayah (WilayahID, PropinsiID, Wilayah) VALUES (188, 14, 'Pati');
INSERT INTO Wilayah (WilayahID, PropinsiID, Wilayah) VALUES (189, 14, 'Pekalongan');
INSERT INTO Wilayah (WilayahID, PropinsiID, Wilayah) VALUES (190, 14, 'Pemalang');
INSERT INTO Wilayah (WilayahID, PropinsiID, Wilayah) VALUES (191, 14, 'Purbalingga');
INSERT INTO Wilayah (WilayahID, PropinsiID, Wilayah) VALUES (192, 14, 'Purworejo');
INSERT INTO Wilayah (WilayahID, PropinsiID, Wilayah) VALUES (193, 14, 'Rembang');
INSERT INTO Wilayah (WilayahID, PropinsiID, Wilayah) VALUES (194, 14, 'Semarang');
INSERT INTO Wilayah (WilayahID, PropinsiID, Wilayah) VALUES (195, 14, 'Sragen');
INSERT INTO Wilayah (WilayahID, PropinsiID, Wilayah) VALUES (196, 14, 'Sukoharjo');
INSERT INTO Wilayah (WilayahID, PropinsiID, Wilayah) VALUES (197, 14, 'Tegal');
INSERT INTO Wilayah (WilayahID, PropinsiID, Wilayah) VALUES (198, 14, 'Temanggung');
INSERT INTO Wilayah (WilayahID, PropinsiID, Wilayah) VALUES (199, 14, 'Wonogiri');
INSERT INTO Wilayah (WilayahID, PropinsiID, Wilayah) VALUES (200, 14, 'Wonosobo');
INSERT INTO Wilayah (WilayahID, PropinsiID, Wilayah) VALUES (201, 14, 'Kota Magelang');
INSERT INTO Wilayah (WilayahID, PropinsiID, Wilayah) VALUES (202, 14, 'Kota Pekalongan');
INSERT INTO Wilayah (WilayahID, PropinsiID, Wilayah) VALUES (203, 14, 'Kota Salatiga');
INSERT INTO Wilayah (WilayahID, PropinsiID, Wilayah) VALUES (204, 14, 'Kota Surakarta');
INSERT INTO Wilayah (WilayahID, PropinsiID, Wilayah) VALUES (205, 14, 'Kota Tegal');
INSERT INTO Wilayah (WilayahID, PropinsiID, Wilayah) VALUES (206, 15, 'Bangkalan');
INSERT INTO Wilayah (WilayahID, PropinsiID, Wilayah) VALUES (207, 15, 'Banyuwangi');
INSERT INTO Wilayah (WilayahID, PropinsiID, Wilayah) VALUES (208, 15, 'Blitar');
INSERT INTO Wilayah (WilayahID, PropinsiID, Wilayah) VALUES (209, 15, 'Bojonegoro');
INSERT INTO Wilayah (WilayahID, PropinsiID, Wilayah) VALUES (210, 15, 'Bondowoso');
INSERT INTO Wilayah (WilayahID, PropinsiID, Wilayah) VALUES (211, 15, 'Gresik');
INSERT INTO Wilayah (WilayahID, PropinsiID, Wilayah) VALUES (212, 15, 'Jember');
INSERT INTO Wilayah (WilayahID, PropinsiID, Wilayah) VALUES (213, 15, '[[Jombange)');
INSERT INTO Wilayah (WilayahID, PropinsiID, Wilayah) VALUES (214, 15, 'Kediri');
INSERT INTO Wilayah (WilayahID, PropinsiID, Wilayah) VALUES (215, 15, 'Lamongan');
INSERT INTO Wilayah (WilayahID, PropinsiID, Wilayah) VALUES (216, 15, 'Lumajang');
INSERT INTO Wilayah (WilayahID, PropinsiID, Wilayah) VALUES (217, 15, 'Madiun');
INSERT INTO Wilayah (WilayahID, PropinsiID, Wilayah) VALUES (218, 15, 'Magetan');
INSERT INTO Wilayah (WilayahID, PropinsiID, Wilayah) VALUES (219, 15, 'Malang');
INSERT INTO Wilayah (WilayahID, PropinsiID, Wilayah) VALUES (220, 15, 'Mojokerto');
INSERT INTO Wilayah (WilayahID, PropinsiID, Wilayah) VALUES (221, 15, 'Nganjuk');
INSERT INTO Wilayah (WilayahID, PropinsiID, Wilayah) VALUES (222, 15, 'Ngawi');
INSERT INTO Wilayah (WilayahID, PropinsiID, Wilayah) VALUES (223, 15, 'Pacitan');
INSERT INTO Wilayah (WilayahID, PropinsiID, Wilayah) VALUES (224, 15, 'Pamekasan');
INSERT INTO Wilayah (WilayahID, PropinsiID, Wilayah) VALUES (225, 15, 'Pasuruan');
INSERT INTO Wilayah (WilayahID, PropinsiID, Wilayah) VALUES (226, 15, 'Ponorogo');
INSERT INTO Wilayah (WilayahID, PropinsiID, Wilayah) VALUES (227, 15, 'Probolinggo');
INSERT INTO Wilayah (WilayahID, PropinsiID, Wilayah) VALUES (228, 15, 'Sampang');
INSERT INTO Wilayah (WilayahID, PropinsiID, Wilayah) VALUES (229, 15, 'Sidoarjo');
INSERT INTO Wilayah (WilayahID, PropinsiID, Wilayah) VALUES (230, 15, 'Situbondo');
INSERT INTO Wilayah (WilayahID, PropinsiID, Wilayah) VALUES (231, 15, 'Sumenep');
INSERT INTO Wilayah (WilayahID, PropinsiID, Wilayah) VALUES (232, 15, 'Surabaya, kota');
INSERT INTO Wilayah (WilayahID, PropinsiID, Wilayah) VALUES (233, 15, 'Trenggalek');
INSERT INTO Wilayah (WilayahID, PropinsiID, Wilayah) VALUES (234, 15, 'Tuban');
INSERT INTO Wilayah (WilayahID, PropinsiID, Wilayah) VALUES (235, 15, 'Tulungagung');
INSERT INTO Wilayah (WilayahID, PropinsiID, Wilayah) VALUES (236, 15, 'Kota Batu');
INSERT INTO Wilayah (WilayahID, PropinsiID, Wilayah) VALUES (237, 15, 'Kota Blitar');
INSERT INTO Wilayah (WilayahID, PropinsiID, Wilayah) VALUES (238, 15, 'Kota Kediri');
INSERT INTO Wilayah (WilayahID, PropinsiID, Wilayah) VALUES (239, 15, 'Kota Madiun');
INSERT INTO Wilayah (WilayahID, PropinsiID, Wilayah) VALUES (240, 15, 'Kota Malang');
INSERT INTO Wilayah (WilayahID, PropinsiID, Wilayah) VALUES (241, 15, 'Kota Mojokerto');
INSERT INTO Wilayah (WilayahID, PropinsiID, Wilayah) VALUES (242, 15, 'Kota Pasuruan');
INSERT INTO Wilayah (WilayahID, PropinsiID, Wilayah) VALUES (243, 15, 'Kota Probolinggo');
INSERT INTO Wilayah (WilayahID, PropinsiID, Wilayah) VALUES (244, 16, 'Bantul');
INSERT INTO Wilayah (WilayahID, PropinsiID, Wilayah) VALUES (245, 16, 'Gunung Kidul');
INSERT INTO Wilayah (WilayahID, PropinsiID, Wilayah) VALUES (246, 16, 'Kulon Progo');
INSERT INTO Wilayah (WilayahID, PropinsiID, Wilayah) VALUES (247, 16, 'Sleman');
INSERT INTO Wilayah (WilayahID, PropinsiID, Wilayah) VALUES (248, 16, 'Kota Yogyakarta');
INSERT INTO Wilayah (WilayahID, PropinsiID, Wilayah) VALUES (249, 17, 'Badung');
INSERT INTO Wilayah (WilayahID, PropinsiID, Wilayah) VALUES (250, 17, 'Bangli');
INSERT INTO Wilayah (WilayahID, PropinsiID, Wilayah) VALUES (251, 17, 'Buleleng');
INSERT INTO Wilayah (WilayahID, PropinsiID, Wilayah) VALUES (252, 17, 'Gianyar');
INSERT INTO Wilayah (WilayahID, PropinsiID, Wilayah) VALUES (253, 17, 'Jembrana');
INSERT INTO Wilayah (WilayahID, PropinsiID, Wilayah) VALUES (254, 17, 'Karangasem');
INSERT INTO Wilayah (WilayahID, PropinsiID, Wilayah) VALUES (255, 17, 'Klungkung');
INSERT INTO Wilayah (WilayahID, PropinsiID, Wilayah) VALUES (256, 17, 'Tabanan');
INSERT INTO Wilayah (WilayahID, PropinsiID, Wilayah) VALUES (257, 17, 'Kota Denpasar');
INSERT INTO Wilayah (WilayahID, PropinsiID, Wilayah) VALUES (258, 18, 'Bima');
INSERT INTO Wilayah (WilayahID, PropinsiID, Wilayah) VALUES (259, 18, 'Dompu');
INSERT INTO Wilayah (WilayahID, PropinsiID, Wilayah) VALUES (260, 18, 'Lombok Barat');
INSERT INTO Wilayah (WilayahID, PropinsiID, Wilayah) VALUES (261, 18, 'Lombok Tengah');
INSERT INTO Wilayah (WilayahID, PropinsiID, Wilayah) VALUES (262, 18, 'Lombok Timur');
INSERT INTO Wilayah (WilayahID, PropinsiID, Wilayah) VALUES (263, 18, 'Sumbawa');
INSERT INTO Wilayah (WilayahID, PropinsiID, Wilayah) VALUES (264, 18, 'Sumbawa Barat');
INSERT INTO Wilayah (WilayahID, PropinsiID, Wilayah) VALUES (265, 18, 'Kota Bima');
INSERT INTO Wilayah (WilayahID, PropinsiID, Wilayah) VALUES (266, 18, 'Kota Mataram');
INSERT INTO Wilayah (WilayahID, PropinsiID, Wilayah) VALUES (267, 19, 'Alor');
INSERT INTO Wilayah (WilayahID, PropinsiID, Wilayah) VALUES (268, 19, 'Belu');
INSERT INTO Wilayah (WilayahID, PropinsiID, Wilayah) VALUES (269, 19, 'Ende');
INSERT INTO Wilayah (WilayahID, PropinsiID, Wilayah) VALUES (270, 19, 'Flores Timur');
INSERT INTO Wilayah (WilayahID, PropinsiID, Wilayah) VALUES (271, 19, 'Kupang');
INSERT INTO Wilayah (WilayahID, PropinsiID, Wilayah) VALUES (272, 19, 'Manggarai');
INSERT INTO Wilayah (WilayahID, PropinsiID, Wilayah) VALUES (273, 19, 'Manggarai Barat');
INSERT INTO Wilayah (WilayahID, PropinsiID, Wilayah) VALUES (274, 19, 'Ngada');
INSERT INTO Wilayah (WilayahID, PropinsiID, Wilayah) VALUES (275, 19, 'Rote Ndao');
INSERT INTO Wilayah (WilayahID, PropinsiID, Wilayah) VALUES (276, 19, 'Sikka');
INSERT INTO Wilayah (WilayahID, PropinsiID, Wilayah) VALUES (277, 19, 'Sumba Barat');
INSERT INTO Wilayah (WilayahID, PropinsiID, Wilayah) VALUES (278, 19, 'Sumba Timur');
INSERT INTO Wilayah (WilayahID, PropinsiID, Wilayah) VALUES (279, 19, 'Timor Tengah Selatan');
INSERT INTO Wilayah (WilayahID, PropinsiID, Wilayah) VALUES (280, 19, 'Timor Tengah Utara');
INSERT INTO Wilayah (WilayahID, PropinsiID, Wilayah) VALUES (281, 19, 'Kota Kupang');
INSERT INTO Wilayah (WilayahID, PropinsiID, Wilayah) VALUES (282, 20, 'Bengkayang');
INSERT INTO Wilayah (WilayahID, PropinsiID, Wilayah) VALUES (283, 20, 'Kapuas Hulu');
INSERT INTO Wilayah (WilayahID, PropinsiID, Wilayah) VALUES (284, 20, 'Ketapang');
INSERT INTO Wilayah (WilayahID, PropinsiID, Wilayah) VALUES (285, 20, 'Landak');
INSERT INTO Wilayah (WilayahID, PropinsiID, Wilayah) VALUES (286, 20, 'Melawi');
INSERT INTO Wilayah (WilayahID, PropinsiID, Wilayah) VALUES (287, 20, 'Pontianak');
INSERT INTO Wilayah (WilayahID, PropinsiID, Wilayah) VALUES (288, 20, 'Sambas');
INSERT INTO Wilayah (WilayahID, PropinsiID, Wilayah) VALUES (289, 20, 'Sanggau');
INSERT INTO Wilayah (WilayahID, PropinsiID, Wilayah) VALUES (290, 20, 'Sekadau');
INSERT INTO Wilayah (WilayahID, PropinsiID, Wilayah) VALUES (291, 20, 'Sintang');
INSERT INTO Wilayah (WilayahID, PropinsiID, Wilayah) VALUES (292, 20, 'Kota Pontianak');
INSERT INTO Wilayah (WilayahID, PropinsiID, Wilayah) VALUES (293, 20, 'Kota Singkawang');
INSERT INTO Wilayah (WilayahID, PropinsiID, Wilayah) VALUES (294, 21, 'Balangan');
INSERT INTO Wilayah (WilayahID, PropinsiID, Wilayah) VALUES (295, 21, 'Banjar');
INSERT INTO Wilayah (WilayahID, PropinsiID, Wilayah) VALUES (296, 21, 'Barito Kuala');
INSERT INTO Wilayah (WilayahID, PropinsiID, Wilayah) VALUES (297, 21, 'Hulu Sungai Selatan');
INSERT INTO Wilayah (WilayahID, PropinsiID, Wilayah) VALUES (298, 21, 'Hulu Sungai Tengah');
INSERT INTO Wilayah (WilayahID, PropinsiID, Wilayah) VALUES (299, 21, 'Hulu Sungai Utara');
INSERT INTO Wilayah (WilayahID, PropinsiID, Wilayah) VALUES (300, 21, 'Kota Baru');
INSERT INTO Wilayah (WilayahID, PropinsiID, Wilayah) VALUES (301, 21, 'Tabalong');
INSERT INTO Wilayah (WilayahID, PropinsiID, Wilayah) VALUES (302, 21, 'Tanah Bumbu');
INSERT INTO Wilayah (WilayahID, PropinsiID, Wilayah) VALUES (303, 21, 'Tanah Laut');
INSERT INTO Wilayah (WilayahID, PropinsiID, Wilayah) VALUES (304, 21, 'Tapin');
INSERT INTO Wilayah (WilayahID, PropinsiID, Wilayah) VALUES (305, 21, 'Kota Banjarmasin');
INSERT INTO Wilayah (WilayahID, PropinsiID, Wilayah) VALUES (306, 21, 'Kota Banjarbaru');
INSERT INTO Wilayah (WilayahID, PropinsiID, Wilayah) VALUES (307, 22, 'Barito Selatan');
INSERT INTO Wilayah (WilayahID, PropinsiID, Wilayah) VALUES (308, 22, 'Barito Timur');
INSERT INTO Wilayah (WilayahID, PropinsiID, Wilayah) VALUES (309, 22, 'Barito Utara');
INSERT INTO Wilayah (WilayahID, PropinsiID, Wilayah) VALUES (310, 22, 'Gunung Mas');
INSERT INTO Wilayah (WilayahID, PropinsiID, Wilayah) VALUES (311, 22, 'Kapuas Kabupaten');
INSERT INTO Wilayah (WilayahID, PropinsiID, Wilayah) VALUES (312, 22, 'Katingan');
INSERT INTO Wilayah (WilayahID, PropinsiID, Wilayah) VALUES (313, 22, 'Kotawaringin Barat');
INSERT INTO Wilayah (WilayahID, PropinsiID, Wilayah) VALUES (314, 22, 'Kotawaringin Timur');
INSERT INTO Wilayah (WilayahID, PropinsiID, Wilayah) VALUES (315, 22, 'Lamandau');
INSERT INTO Wilayah (WilayahID, PropinsiID, Wilayah) VALUES (316, 22, 'Murung Raya');
INSERT INTO Wilayah (WilayahID, PropinsiID, Wilayah) VALUES (317, 22, 'Pulang Pisau');
INSERT INTO Wilayah (WilayahID, PropinsiID, Wilayah) VALUES (318, 22, 'Seruyan');
INSERT INTO Wilayah (WilayahID, PropinsiID, Wilayah) VALUES (319, 22, 'Sukamara');
INSERT INTO Wilayah (WilayahID, PropinsiID, Wilayah) VALUES (320, 22, 'Kota Palangkaraya');
INSERT INTO Wilayah (WilayahID, PropinsiID, Wilayah) VALUES (321, 23, 'Berau');
INSERT INTO Wilayah (WilayahID, PropinsiID, Wilayah) VALUES (322, 23, 'Bulungan');
INSERT INTO Wilayah (WilayahID, PropinsiID, Wilayah) VALUES (323, 23, 'Kutai Barat');
INSERT INTO Wilayah (WilayahID, PropinsiID, Wilayah) VALUES (324, 23, 'Kutai Kertanegara-');
INSERT INTO Wilayah (WilayahID, PropinsiID, Wilayah) VALUES (325, 23, 'Kutai Timur');
INSERT INTO Wilayah (WilayahID, PropinsiID, Wilayah) VALUES (326, 23, 'Malinau');
INSERT INTO Wilayah (WilayahID, PropinsiID, Wilayah) VALUES (327, 23, 'Nunukan');
INSERT INTO Wilayah (WilayahID, PropinsiID, Wilayah) VALUES (328, 23, 'Penajam Paser Utara');
INSERT INTO Wilayah (WilayahID, PropinsiID, Wilayah) VALUES (329, 23, 'Pasir');
INSERT INTO Wilayah (WilayahID, PropinsiID, Wilayah) VALUES (330, 23, 'Kota Balikpapan');
INSERT INTO Wilayah (WilayahID, PropinsiID, Wilayah) VALUES (331, 23, 'Kota Bontang');
INSERT INTO Wilayah (WilayahID, PropinsiID, Wilayah) VALUES (332, 23, 'Kota Samarinda');
INSERT INTO Wilayah (WilayahID, PropinsiID, Wilayah) VALUES (333, 23, 'Kota Tarakan');
INSERT INTO Wilayah (WilayahID, PropinsiID, Wilayah) VALUES (334, 24, 'Boalemo');
INSERT INTO Wilayah (WilayahID, PropinsiID, Wilayah) VALUES (335, 24, 'Bone Bolango');
INSERT INTO Wilayah (WilayahID, PropinsiID, Wilayah) VALUES (336, 24, 'Gorontalo');
INSERT INTO Wilayah (WilayahID, PropinsiID, Wilayah) VALUES (337, 24, 'Pohuwato');
INSERT INTO Wilayah (WilayahID, PropinsiID, Wilayah) VALUES (338, 24, 'Kota Gorontalo');
INSERT INTO Wilayah (WilayahID, PropinsiID, Wilayah) VALUES (339, 25, 'Bantaeng');
INSERT INTO Wilayah (WilayahID, PropinsiID, Wilayah) VALUES (340, 25, 'Barru');
INSERT INTO Wilayah (WilayahID, PropinsiID, Wilayah) VALUES (341, 25, 'Bone');
INSERT INTO Wilayah (WilayahID, PropinsiID, Wilayah) VALUES (342, 25, 'Bulukumba');
INSERT INTO Wilayah (WilayahID, PropinsiID, Wilayah) VALUES (343, 25, 'Enrekang');
INSERT INTO Wilayah (WilayahID, PropinsiID, Wilayah) VALUES (344, 25, 'Gowa');
INSERT INTO Wilayah (WilayahID, PropinsiID, Wilayah) VALUES (345, 25, 'Jeneponto');
INSERT INTO Wilayah (WilayahID, PropinsiID, Wilayah) VALUES (346, 25, 'Luwu');
INSERT INTO Wilayah (WilayahID, PropinsiID, Wilayah) VALUES (347, 25, 'Luwu Timur');
INSERT INTO Wilayah (WilayahID, PropinsiID, Wilayah) VALUES (348, 25, 'Luwu Utara');
INSERT INTO Wilayah (WilayahID, PropinsiID, Wilayah) VALUES (349, 25, 'Majene');
INSERT INTO Wilayah (WilayahID, PropinsiID, Wilayah) VALUES (350, 25, 'Mamasa');
INSERT INTO Wilayah (WilayahID, PropinsiID, Wilayah) VALUES (351, 25, 'Mamuju');
INSERT INTO Wilayah (WilayahID, PropinsiID, Wilayah) VALUES (352, 25, 'Mamuju Utara');
INSERT INTO Wilayah (WilayahID, PropinsiID, Wilayah) VALUES (353, 25, 'Maros');
INSERT INTO Wilayah (WilayahID, PropinsiID, Wilayah) VALUES (354, 25, 'Pangkep');
INSERT INTO Wilayah (WilayahID, PropinsiID, Wilayah) VALUES (355, 25, 'Pinrang');
INSERT INTO Wilayah (WilayahID, PropinsiID, Wilayah) VALUES (356, 25, 'Polewali Mamasa');
INSERT INTO Wilayah (WilayahID, PropinsiID, Wilayah) VALUES (357, 25, 'Selayar');
INSERT INTO Wilayah (WilayahID, PropinsiID, Wilayah) VALUES (358, 25, 'Sidenreng Rappang');
INSERT INTO Wilayah (WilayahID, PropinsiID, Wilayah) VALUES (359, 25, 'Sinjai');
INSERT INTO Wilayah (WilayahID, PropinsiID, Wilayah) VALUES (360, 25, 'Soppeng');
INSERT INTO Wilayah (WilayahID, PropinsiID, Wilayah) VALUES (361, 25, 'Takalar');
INSERT INTO Wilayah (WilayahID, PropinsiID, Wilayah) VALUES (362, 25, 'Tana Toraja');
INSERT INTO Wilayah (WilayahID, PropinsiID, Wilayah) VALUES (363, 25, 'Wajo');
INSERT INTO Wilayah (WilayahID, PropinsiID, Wilayah) VALUES (364, 25, 'Kota Makassar, Ujungpandang');
INSERT INTO Wilayah (WilayahID, PropinsiID, Wilayah) VALUES (365, 25, 'Kota Pare-Pare');
INSERT INTO Wilayah (WilayahID, PropinsiID, Wilayah) VALUES (366, 25, 'Kota Palopo');
INSERT INTO Wilayah (WilayahID, PropinsiID, Wilayah) VALUES (367, 26, 'Bombana');
INSERT INTO Wilayah (WilayahID, PropinsiID, Wilayah) VALUES (368, 26, 'Buton');
INSERT INTO Wilayah (WilayahID, PropinsiID, Wilayah) VALUES (369, 26, 'Kendari');
INSERT INTO Wilayah (WilayahID, PropinsiID, Wilayah) VALUES (370, 26, 'Kolaka');
INSERT INTO Wilayah (WilayahID, PropinsiID, Wilayah) VALUES (371, 26, 'Kolaka Utara');
INSERT INTO Wilayah (WilayahID, PropinsiID, Wilayah) VALUES (372, 26, 'Konawe Selatan');
INSERT INTO Wilayah (WilayahID, PropinsiID, Wilayah) VALUES (373, 26, 'Muna');
INSERT INTO Wilayah (WilayahID, PropinsiID, Wilayah) VALUES (374, 26, 'Wakatobi');
INSERT INTO Wilayah (WilayahID, PropinsiID, Wilayah) VALUES (375, 26, 'Kota Bau-bau');
INSERT INTO Wilayah (WilayahID, PropinsiID, Wilayah) VALUES (376, 26, 'Kota Kendari');
INSERT INTO Wilayah (WilayahID, PropinsiID, Wilayah) VALUES (377, 27, 'Banggai');
INSERT INTO Wilayah (WilayahID, PropinsiID, Wilayah) VALUES (378, 27, 'Banggai Kepulauan');
INSERT INTO Wilayah (WilayahID, PropinsiID, Wilayah) VALUES (379, 27, 'Buol');
INSERT INTO Wilayah (WilayahID, PropinsiID, Wilayah) VALUES (380, 27, 'Donggala');
INSERT INTO Wilayah (WilayahID, PropinsiID, Wilayah) VALUES (381, 27, 'Morowali');
INSERT INTO Wilayah (WilayahID, PropinsiID, Wilayah) VALUES (382, 27, 'Parigi Moutong');
INSERT INTO Wilayah (WilayahID, PropinsiID, Wilayah) VALUES (383, 27, 'Poso');
INSERT INTO Wilayah (WilayahID, PropinsiID, Wilayah) VALUES (384, 27, 'Tojo Una-una');
INSERT INTO Wilayah (WilayahID, PropinsiID, Wilayah) VALUES (385, 27, 'Toli-Toli');
INSERT INTO Wilayah (WilayahID, PropinsiID, Wilayah) VALUES (386, 27, 'Kota Palu');
INSERT INTO Wilayah (WilayahID, PropinsiID, Wilayah) VALUES (387, 28, 'Bolaang Mongondow');
INSERT INTO Wilayah (WilayahID, PropinsiID, Wilayah) VALUES (388, 28, 'Minahasa');
INSERT INTO Wilayah (WilayahID, PropinsiID, Wilayah) VALUES (389, 28, 'Minahasa Selatan');
INSERT INTO Wilayah (WilayahID, PropinsiID, Wilayah) VALUES (390, 28, 'Minahasa Utara');
INSERT INTO Wilayah (WilayahID, PropinsiID, Wilayah) VALUES (391, 28, 'Kepulauan Sangihe');
INSERT INTO Wilayah (WilayahID, PropinsiID, Wilayah) VALUES (392, 28, 'Kepulauan Talaud');
INSERT INTO Wilayah (WilayahID, PropinsiID, Wilayah) VALUES (393, 28, 'Kota Bitung');
INSERT INTO Wilayah (WilayahID, PropinsiID, Wilayah) VALUES (394, 28, 'Kota Manado');
INSERT INTO Wilayah (WilayahID, PropinsiID, Wilayah) VALUES (395, 28, 'Kota Tomohon');
INSERT INTO Wilayah (WilayahID, PropinsiID, Wilayah) VALUES (396, 29, 'Kota Ambon');
INSERT INTO Wilayah (WilayahID, PropinsiID, Wilayah) VALUES (397, 29, 'Buru');
INSERT INTO Wilayah (WilayahID, PropinsiID, Wilayah) VALUES (398, 29, 'Kepulauan Aru');
INSERT INTO Wilayah (WilayahID, PropinsiID, Wilayah) VALUES (399, 29, 'Seram Bagian Barat');
INSERT INTO Wilayah (WilayahID, PropinsiID, Wilayah) VALUES (400, 29, 'Seram Bagian Timur');
INSERT INTO Wilayah (WilayahID, PropinsiID, Wilayah) VALUES (401, 29, 'Maluku Tengah');
INSERT INTO Wilayah (WilayahID, PropinsiID, Wilayah) VALUES (402, 29, 'Maluku Tenggara');
INSERT INTO Wilayah (WilayahID, PropinsiID, Wilayah) VALUES (403, 29, 'Maluku Tenggara Barat');
INSERT INTO Wilayah (WilayahID, PropinsiID, Wilayah) VALUES (404, 30, 'Halmahera Barat');
INSERT INTO Wilayah (WilayahID, PropinsiID, Wilayah) VALUES (405, 30, 'Halmahera Selatan');
INSERT INTO Wilayah (WilayahID, PropinsiID, Wilayah) VALUES (406, 30, 'Halmahera Tengah');
INSERT INTO Wilayah (WilayahID, PropinsiID, Wilayah) VALUES (407, 30, 'Halmahera Timur');
INSERT INTO Wilayah (WilayahID, PropinsiID, Wilayah) VALUES (408, 30, 'Halmahera Utara');
INSERT INTO Wilayah (WilayahID, PropinsiID, Wilayah) VALUES (409, 30, 'Kepulauan Sula');
INSERT INTO Wilayah (WilayahID, PropinsiID, Wilayah) VALUES (410, 30, 'Kota Ternate');
INSERT INTO Wilayah (WilayahID, PropinsiID, Wilayah) VALUES (411, 30, 'Kota Tidore');
INSERT INTO Wilayah (WilayahID, PropinsiID, Wilayah) VALUES (412, 31, 'Fakfak');
INSERT INTO Wilayah (WilayahID, PropinsiID, Wilayah) VALUES (413, 31, 'Kaimana');
INSERT INTO Wilayah (WilayahID, PropinsiID, Wilayah) VALUES (414, 31, 'Kepulauan Raja Ampat');
INSERT INTO Wilayah (WilayahID, PropinsiID, Wilayah) VALUES (415, 31, 'Manokwari');
INSERT INTO Wilayah (WilayahID, PropinsiID, Wilayah) VALUES (416, 31, 'Sorong');
INSERT INTO Wilayah (WilayahID, PropinsiID, Wilayah) VALUES (417, 31, 'Sorong Selatan');
INSERT INTO Wilayah (WilayahID, PropinsiID, Wilayah) VALUES (418, 31, 'Teluk Bintuni');
INSERT INTO Wilayah (WilayahID, PropinsiID, Wilayah) VALUES (419, 31, 'Teluk Wondama');
INSERT INTO Wilayah (WilayahID, PropinsiID, Wilayah) VALUES (420, 31, 'Kota Sorong');
INSERT INTO Wilayah (WilayahID, PropinsiID, Wilayah) VALUES (421, 32, 'Asmat');
INSERT INTO Wilayah (WilayahID, PropinsiID, Wilayah) VALUES (422, 32, 'Biak Numfor');
INSERT INTO Wilayah (WilayahID, PropinsiID, Wilayah) VALUES (423, 32, 'Boven Digoel');
INSERT INTO Wilayah (WilayahID, PropinsiID, Wilayah) VALUES (424, 32, 'Jayapura');
INSERT INTO Wilayah (WilayahID, PropinsiID, Wilayah) VALUES (425, 32, 'Jayawijaya');
INSERT INTO Wilayah (WilayahID, PropinsiID, Wilayah) VALUES (426, 32, 'Keerom');
INSERT INTO Wilayah (WilayahID, PropinsiID, Wilayah) VALUES (427, 32, 'Mappi');
INSERT INTO Wilayah (WilayahID, PropinsiID, Wilayah) VALUES (428, 32, 'Merauke');
INSERT INTO Wilayah (WilayahID, PropinsiID, Wilayah) VALUES (429, 32, 'Mimika');
INSERT INTO Wilayah (WilayahID, PropinsiID, Wilayah) VALUES (430, 32, 'Paniai');
INSERT INTO Wilayah (WilayahID, PropinsiID, Wilayah) VALUES (431, 32, 'Pegunungan Bintang');
INSERT INTO Wilayah (WilayahID, PropinsiID, Wilayah) VALUES (432, 32, 'Puncak Jaya');
INSERT INTO Wilayah (WilayahID, PropinsiID, Wilayah) VALUES (433, 32, 'Sarmi');
INSERT INTO Wilayah (WilayahID, PropinsiID, Wilayah) VALUES (434, 32, 'Supiori');
INSERT INTO Wilayah (WilayahID, PropinsiID, Wilayah) VALUES (435, 32, 'Tolikara');
INSERT INTO Wilayah (WilayahID, PropinsiID, Wilayah) VALUES (436, 32, 'Yahukimo');
INSERT INTO Wilayah (WilayahID, PropinsiID, Wilayah) VALUES (437, 32, 'Yapen Waropen');
INSERT INTO Wilayah (WilayahID, PropinsiID, Wilayah) VALUES (438, 32, 'Waropen');
INSERT INTO Wilayah (WilayahID, PropinsiID, Wilayah) VALUES (439, 32, 'Kota Jayapura');

INSERT INTO Negara (NegaraID, Negara) VALUES (1, 'Afghanistan');
INSERT INTO Negara (NegaraID, Negara) VALUES (2, 'Albania');
INSERT INTO Negara (NegaraID, Negara) VALUES (3, 'Algeria');
INSERT INTO Negara (NegaraID, Negara) VALUES (4, 'American Samoa');
INSERT INTO Negara (NegaraID, Negara) VALUES (5, 'Andorra');
INSERT INTO Negara (NegaraID, Negara) VALUES (6, 'Angola');
INSERT INTO Negara (NegaraID, Negara) VALUES (7, 'Anguilla');
INSERT INTO Negara (NegaraID, Negara) VALUES (8, 'Antarctica');
INSERT INTO Negara (NegaraID, Negara) VALUES (9, 'Antigua & Barbuda');
INSERT INTO Negara (NegaraID, Negara) VALUES (10, 'Argentina');
INSERT INTO Negara (NegaraID, Negara) VALUES (11, 'Armenia');
INSERT INTO Negara (NegaraID, Negara) VALUES (12, 'Aruba');
INSERT INTO Negara (NegaraID, Negara) VALUES (13, 'Australia');
INSERT INTO Negara (NegaraID, Negara) VALUES (14, 'Austria');
INSERT INTO Negara (NegaraID, Negara) VALUES (15, 'Azerbaijan');
INSERT INTO Negara (NegaraID, Negara) VALUES (16, 'Bahamas');
INSERT INTO Negara (NegaraID, Negara) VALUES (17, 'Bahrain');
INSERT INTO Negara (NegaraID, Negara) VALUES (18, 'Bangladesh');
INSERT INTO Negara (NegaraID, Negara) VALUES (19, 'Barbados');
INSERT INTO Negara (NegaraID, Negara) VALUES (20, 'Belarus');
INSERT INTO Negara (NegaraID, Negara) VALUES (21, 'Belgium');
INSERT INTO Negara (NegaraID, Negara) VALUES (22, 'Belize');
INSERT INTO Negara (NegaraID, Negara) VALUES (23, 'Benin');
INSERT INTO Negara (NegaraID, Negara) VALUES (24, 'Bermuda');
INSERT INTO Negara (NegaraID, Negara) VALUES (25, 'Bhutan');
INSERT INTO Negara (NegaraID, Negara) VALUES (26, 'Bolivia');
INSERT INTO Negara (NegaraID, Negara) VALUES (27, 'Bosnia and Herzegovina');
INSERT INTO Negara (NegaraID, Negara) VALUES (28, 'Botswana');
INSERT INTO Negara (NegaraID, Negara) VALUES (29, 'Bouvet Island');
INSERT INTO Negara (NegaraID, Negara) VALUES (30, 'Brazil');
INSERT INTO Negara (NegaraID, Negara) VALUES (31, 'British Virgin Islands');
INSERT INTO Negara (NegaraID, Negara) VALUES (32, 'Brunei');
INSERT INTO Negara (NegaraID, Negara) VALUES (33, 'Bulgaria');
INSERT INTO Negara (NegaraID, Negara) VALUES (34, 'Burkina Faso');
INSERT INTO Negara (NegaraID, Negara) VALUES (35, 'Burundi');
INSERT INTO Negara (NegaraID, Negara) VALUES (36, 'Cambodia');
INSERT INTO Negara (NegaraID, Negara) VALUES (37, 'Cameroon');
INSERT INTO Negara (NegaraID, Negara) VALUES (38, 'Canada');
INSERT INTO Negara (NegaraID, Negara) VALUES (39, 'Cape Verde');
INSERT INTO Negara (NegaraID, Negara) VALUES (40, 'Cayman Islands');
INSERT INTO Negara (NegaraID, Negara) VALUES (41, 'Central African Republic');
INSERT INTO Negara (NegaraID, Negara) VALUES (42, 'Chad');
INSERT INTO Negara (NegaraID, Negara) VALUES (43, 'Channel Islands');
INSERT INTO Negara (NegaraID, Negara) VALUES (44, 'Chile');
INSERT INTO Negara (NegaraID, Negara) VALUES (45, 'China');
INSERT INTO Negara (NegaraID, Negara) VALUES (46, 'Christmas Island');
INSERT INTO Negara (NegaraID, Negara) VALUES (47, 'Cocos (Keeling) Islands');
INSERT INTO Negara (NegaraID, Negara) VALUES (48, 'Colombia');
INSERT INTO Negara (NegaraID, Negara) VALUES (49, 'Comoros');
INSERT INTO Negara (NegaraID, Negara) VALUES (50, 'Congo');
INSERT INTO Negara (NegaraID, Negara) VALUES (51, 'Cook Islands');
INSERT INTO Negara (NegaraID, Negara) VALUES (52, 'Costa Rica');
INSERT INTO Negara (NegaraID, Negara) VALUES (53, 'Cote Divoire (Ivory Coast)');
INSERT INTO Negara (NegaraID, Negara) VALUES (54, 'Croatia');
INSERT INTO Negara (NegaraID, Negara) VALUES (55, 'Cuba');
INSERT INTO Negara (NegaraID, Negara) VALUES (56, 'Cyprus');
INSERT INTO Negara (NegaraID, Negara) VALUES (57, 'Czech Republic');
INSERT INTO Negara (NegaraID, Negara) VALUES (58, 'Denmark');
INSERT INTO Negara (NegaraID, Negara) VALUES (59, 'Djibouti');
INSERT INTO Negara (NegaraID, Negara) VALUES (60, 'Dominica');
INSERT INTO Negara (NegaraID, Negara) VALUES (61, 'Dominican Republic');
INSERT INTO Negara (NegaraID, Negara) VALUES (62, 'East Timor');
INSERT INTO Negara (NegaraID, Negara) VALUES (63, 'Ecuador');
INSERT INTO Negara (NegaraID, Negara) VALUES (64, 'Egypt');
INSERT INTO Negara (NegaraID, Negara) VALUES (65, 'El Salvador');
INSERT INTO Negara (NegaraID, Negara) VALUES (66, 'Equatorial Guinea');
INSERT INTO Negara (NegaraID, Negara) VALUES (67, 'Eritrea');
INSERT INTO Negara (NegaraID, Negara) VALUES (68, 'Estonia');
INSERT INTO Negara (NegaraID, Negara) VALUES (69, 'Ethiopia');
INSERT INTO Negara (NegaraID, Negara) VALUES (70, 'Falkland Islands (Malvinas)');
INSERT INTO Negara (NegaraID, Negara) VALUES (71, 'Faroe Islands');
INSERT INTO Negara (NegaraID, Negara) VALUES (72, 'Fiji');
INSERT INTO Negara (NegaraID, Negara) VALUES (73, 'Finland');
INSERT INTO Negara (NegaraID, Negara) VALUES (74, 'France');
INSERT INTO Negara (NegaraID, Negara) VALUES (75, 'French Guiana');
INSERT INTO Negara (NegaraID, Negara) VALUES (76, 'French Polynesia');
INSERT INTO Negara (NegaraID, Negara) VALUES (77, 'French Southern Territories');
INSERT INTO Negara (NegaraID, Negara) VALUES (78, 'Gabon');
INSERT INTO Negara (NegaraID, Negara) VALUES (79, 'Gambia');
INSERT INTO Negara (NegaraID, Negara) VALUES (80, 'Georgia');
INSERT INTO Negara (NegaraID, Negara) VALUES (81, 'Germany');
INSERT INTO Negara (NegaraID, Negara) VALUES (82, 'Ghana');
INSERT INTO Negara (NegaraID, Negara) VALUES (83, 'Gibraltar');
INSERT INTO Negara (NegaraID, Negara) VALUES (84, 'Greece');
INSERT INTO Negara (NegaraID, Negara) VALUES (85, 'Greenland');
INSERT INTO Negara (NegaraID, Negara) VALUES (86, 'Grenada');
INSERT INTO Negara (NegaraID, Negara) VALUES (87, 'Guadeloupe');
INSERT INTO Negara (NegaraID, Negara) VALUES (88, 'Guam');
INSERT INTO Negara (NegaraID, Negara) VALUES (89, 'Guatemala');
INSERT INTO Negara (NegaraID, Negara) VALUES (90, 'Guinea');
INSERT INTO Negara (NegaraID, Negara) VALUES (91, 'Guinea-Bissau');
INSERT INTO Negara (NegaraID, Negara) VALUES (92, 'Guyana');
INSERT INTO Negara (NegaraID, Negara) VALUES (93, 'Haiti');
INSERT INTO Negara (NegaraID, Negara) VALUES (94, 'Honduras');
INSERT INTO Negara (NegaraID, Negara) VALUES (95, 'Hong Kong');
INSERT INTO Negara (NegaraID, Negara) VALUES (96, 'Hungary');
INSERT INTO Negara (NegaraID, Negara) VALUES (97, 'Iceland');
INSERT INTO Negara (NegaraID, Negara) VALUES (98, 'India');
INSERT INTO Negara (NegaraID, Negara) VALUES (99, 'Indonesia');
INSERT INTO Negara (NegaraID, Negara) VALUES (100, 'Iraq');
INSERT INTO Negara (NegaraID, Negara) VALUES (101, 'Ireland');
INSERT INTO Negara (NegaraID, Negara) VALUES (102, 'Iran');
INSERT INTO Negara (NegaraID, Negara) VALUES (103, 'Isle of Man');
INSERT INTO Negara (NegaraID, Negara) VALUES (104, 'Israel');
INSERT INTO Negara (NegaraID, Negara) VALUES (105, 'Italy');
INSERT INTO Negara (NegaraID, Negara) VALUES (106, 'Jamaica');
INSERT INTO Negara (NegaraID, Negara) VALUES (107, 'Japan');
INSERT INTO Negara (NegaraID, Negara) VALUES (108, 'Jordan');
INSERT INTO Negara (NegaraID, Negara) VALUES (109, 'Kazakhstan');
INSERT INTO Negara (NegaraID, Negara) VALUES (110, 'Kenya');
INSERT INTO Negara (NegaraID, Negara) VALUES (111, 'Kiribati');
INSERT INTO Negara (NegaraID, Negara) VALUES (112, 'Korea');
INSERT INTO Negara (NegaraID, Negara) VALUES (113, 'Kuwait');
INSERT INTO Negara (NegaraID, Negara) VALUES (114, 'Kyrgyzstan');
INSERT INTO Negara (NegaraID, Negara) VALUES (115, 'Lao');
INSERT INTO Negara (NegaraID, Negara) VALUES (116, 'Latvia');
INSERT INTO Negara (NegaraID, Negara) VALUES (117, 'Lebanon');
INSERT INTO Negara (NegaraID, Negara) VALUES (118, 'Lesotho');
INSERT INTO Negara (NegaraID, Negara) VALUES (119, 'Liberia');
INSERT INTO Negara (NegaraID, Negara) VALUES (120, 'Libya');
INSERT INTO Negara (NegaraID, Negara) VALUES (121, 'Liechtenstein');
INSERT INTO Negara (NegaraID, Negara) VALUES (122, 'Lithuania');
INSERT INTO Negara (NegaraID, Negara) VALUES (123, 'Luxembourg');
INSERT INTO Negara (NegaraID, Negara) VALUES (124, 'Macau');
INSERT INTO Negara (NegaraID, Negara) VALUES (125, 'Macedonia');
INSERT INTO Negara (NegaraID, Negara) VALUES (126, 'Madagascar');
INSERT INTO Negara (NegaraID, Negara) VALUES (127, 'Malawi');
INSERT INTO Negara (NegaraID, Negara) VALUES (128, 'Malaysia');
INSERT INTO Negara (NegaraID, Negara) VALUES (129, 'Maldives');
INSERT INTO Negara (NegaraID, Negara) VALUES (130, 'Mali');
INSERT INTO Negara (NegaraID, Negara) VALUES (131, 'Malta');
INSERT INTO Negara (NegaraID, Negara) VALUES (132, 'Marshall Islands');
INSERT INTO Negara (NegaraID, Negara) VALUES (133, 'Martinique');
INSERT INTO Negara (NegaraID, Negara) VALUES (134, 'Mauritania');
INSERT INTO Negara (NegaraID, Negara) VALUES (135, 'Mauritius');
INSERT INTO Negara (NegaraID, Negara) VALUES (136, 'Mayotte');
INSERT INTO Negara (NegaraID, Negara) VALUES (137, 'Mexico');
INSERT INTO Negara (NegaraID, Negara) VALUES (138, 'Micronesia');
INSERT INTO Negara (NegaraID, Negara) VALUES (139, 'Moldova');
INSERT INTO Negara (NegaraID, Negara) VALUES (140, 'Monaco');
INSERT INTO Negara (NegaraID, Negara) VALUES (141, 'Mongolia');
INSERT INTO Negara (NegaraID, Negara) VALUES (142, 'Monserrat');
INSERT INTO Negara (NegaraID, Negara) VALUES (143, 'Morocco');
INSERT INTO Negara (NegaraID, Negara) VALUES (144, 'Mozambique');
INSERT INTO Negara (NegaraID, Negara) VALUES (145, 'Myanmar');
INSERT INTO Negara (NegaraID, Negara) VALUES (146, 'Namibia');
INSERT INTO Negara (NegaraID, Negara) VALUES (147, 'Nauru');
INSERT INTO Negara (NegaraID, Negara) VALUES (148, 'Nepal');
INSERT INTO Negara (NegaraID, Negara) VALUES (149, 'Netherlands');
INSERT INTO Negara (NegaraID, Negara) VALUES (150, 'New Caledonia');
INSERT INTO Negara (NegaraID, Negara) VALUES (151, 'New Zealand');
INSERT INTO Negara (NegaraID, Negara) VALUES (152, 'Nicaragua');
INSERT INTO Negara (NegaraID, Negara) VALUES (153, 'Niger');
INSERT INTO Negara (NegaraID, Negara) VALUES (154, 'Nigeria');
INSERT INTO Negara (NegaraID, Negara) VALUES (155, 'Niue');
INSERT INTO Negara (NegaraID, Negara) VALUES (156, 'Norfolk Island');
INSERT INTO Negara (NegaraID, Negara) VALUES (157, 'Northern Mariana');
INSERT INTO Negara (NegaraID, Negara) VALUES (158, 'Norway');
INSERT INTO Negara (NegaraID, Negara) VALUES (159, 'Oman');
INSERT INTO Negara (NegaraID, Negara) VALUES (160, 'Pakistan');
INSERT INTO Negara (NegaraID, Negara) VALUES (161, 'Palau');
INSERT INTO Negara (NegaraID, Negara) VALUES (162, 'Panama');
INSERT INTO Negara (NegaraID, Negara) VALUES (163, 'Papua New Guinea');
INSERT INTO Negara (NegaraID, Negara) VALUES (164, 'Paraguay');
INSERT INTO Negara (NegaraID, Negara) VALUES (165, 'Peru');
INSERT INTO Negara (NegaraID, Negara) VALUES (166, 'Philippines');
INSERT INTO Negara (NegaraID, Negara) VALUES (167, 'Pitcairn');
INSERT INTO Negara (NegaraID, Negara) VALUES (168, 'Poland');
INSERT INTO Negara (NegaraID, Negara) VALUES (169, 'Portugal');
INSERT INTO Negara (NegaraID, Negara) VALUES (170, 'Puerto Rico');
INSERT INTO Negara (NegaraID, Negara) VALUES (171, 'Qatar');
INSERT INTO Negara (NegaraID, Negara) VALUES (172, 'Reunion');
INSERT INTO Negara (NegaraID, Negara) VALUES (173, 'Romania');
INSERT INTO Negara (NegaraID, Negara) VALUES (174, 'Russian Federation');
INSERT INTO Negara (NegaraID, Negara) VALUES (175, 'Rwanda');
INSERT INTO Negara (NegaraID, Negara) VALUES (176, 'Saint Lucia');
INSERT INTO Negara (NegaraID, Negara) VALUES (177, 'Saipan');
INSERT INTO Negara (NegaraID, Negara) VALUES (178, 'Samoa');
INSERT INTO Negara (NegaraID, Negara) VALUES (179, 'San Marino');
INSERT INTO Negara (NegaraID, Negara) VALUES (180, 'Sao Tome & Principe');
INSERT INTO Negara (NegaraID, Negara) VALUES (181, 'Saudi Arabia');
INSERT INTO Negara (NegaraID, Negara) VALUES (182, 'Senegal');
INSERT INTO Negara (NegaraID, Negara) VALUES (183, 'Seychelles');
INSERT INTO Negara (NegaraID, Negara) VALUES (184, 'Sierra Leone');
INSERT INTO Negara (NegaraID, Negara) VALUES (185, 'Singapore');
INSERT INTO Negara (NegaraID, Negara) VALUES (186, 'Slovakia');
INSERT INTO Negara (NegaraID, Negara) VALUES (187, 'Slovenia');
INSERT INTO Negara (NegaraID, Negara) VALUES (188, 'Solomon Islands');
INSERT INTO Negara (NegaraID, Negara) VALUES (189, 'Somalia');
INSERT INTO Negara (NegaraID, Negara) VALUES (190, 'South Africa');
INSERT INTO Negara (NegaraID, Negara) VALUES (191, 'Spain');
INSERT INTO Negara (NegaraID, Negara) VALUES (192, 'Sri Lanka');
INSERT INTO Negara (NegaraID, Negara) VALUES (193, 'St. Helena');
INSERT INTO Negara (NegaraID, Negara) VALUES (194, 'St. Kitts and Nevis');
INSERT INTO Negara (NegaraID, Negara) VALUES (195, 'St. Pierre & Miquelon');
INSERT INTO Negara (NegaraID, Negara) VALUES (196, 'St. Vincent & the Grenadines');
INSERT INTO Negara (NegaraID, Negara) VALUES (197, 'Sudan');
INSERT INTO Negara (NegaraID, Negara) VALUES (198, 'Suriname');
INSERT INTO Negara (NegaraID, Negara) VALUES (199, 'Svalbard & Jan Mayen Islands');
INSERT INTO Negara (NegaraID, Negara) VALUES (200, 'Swaziland');
INSERT INTO Negara (NegaraID, Negara) VALUES (201, 'Sweden');
INSERT INTO Negara (NegaraID, Negara) VALUES (202, 'Switzerland');
INSERT INTO Negara (NegaraID, Negara) VALUES (203, 'Syrian Arab Republic');
INSERT INTO Negara (NegaraID, Negara) VALUES (204, 'Taiwan');
INSERT INTO Negara (NegaraID, Negara) VALUES (205, 'Tajikistan');
INSERT INTO Negara (NegaraID, Negara) VALUES (206, 'Tanzania');
INSERT INTO Negara (NegaraID, Negara) VALUES (207, 'Thailand');
INSERT INTO Negara (NegaraID, Negara) VALUES (208, 'Togo');
INSERT INTO Negara (NegaraID, Negara) VALUES (209, 'Tokelau');
INSERT INTO Negara (NegaraID, Negara) VALUES (210, 'Tonga');
INSERT INTO Negara (NegaraID, Negara) VALUES (211, 'Trinidad & Tobago');
INSERT INTO Negara (NegaraID, Negara) VALUES (212, 'Tunisia');
INSERT INTO Negara (NegaraID, Negara) VALUES (213, 'Turkey');
INSERT INTO Negara (NegaraID, Negara) VALUES (214, 'Turkmenistan');
INSERT INTO Negara (NegaraID, Negara) VALUES (215, 'Turks & Caicos Islands');
INSERT INTO Negara (NegaraID, Negara) VALUES (216, 'Tuvalu');
INSERT INTO Negara (NegaraID, Negara) VALUES (217, 'Uganda');
INSERT INTO Negara (NegaraID, Negara) VALUES (218, 'Ukraine');
INSERT INTO Negara (NegaraID, Negara) VALUES (219, 'United Arab Emirates');
INSERT INTO Negara (NegaraID, Negara) VALUES (220, 'United Kingdom (Great Britain)');
INSERT INTO Negara (NegaraID, Negara) VALUES (221, 'United States (USA)');
INSERT INTO Negara (NegaraID, Negara) VALUES (222, 'Uruguay');
INSERT INTO Negara (NegaraID, Negara) VALUES (223, 'Uzbekistan');
INSERT INTO Negara (NegaraID, Negara) VALUES (224, 'Vanuatu');
INSERT INTO Negara (NegaraID, Negara) VALUES (225, 'Vatican');
INSERT INTO Negara (NegaraID, Negara) VALUES (226, 'Venezuela');
INSERT INTO Negara (NegaraID, Negara) VALUES (227, 'Viet Nam');
INSERT INTO Negara (NegaraID, Negara) VALUES (228, 'Wallis & Futuna Islands');
INSERT INTO Negara (NegaraID, Negara) VALUES (229, 'Western Sahara');
INSERT INTO Negara (NegaraID, Negara) VALUES (230, 'Yemen');
INSERT INTO Negara (NegaraID, Negara) VALUES (231, 'Yugoslavia');
INSERT INTO Negara (NegaraID, Negara) VALUES (232, 'Zaire');
INSERT INTO Negara (NegaraID, Negara) VALUES (233, 'Zambia');
INSERT INTO Negara (NegaraID, Negara) VALUES (234, 'Zimbabwe');

